89edd8e5-cf39-4c25-a505-d65f6430ad10,fa:16:3e:d5:76:21,VM
561cfc60-fb83-4956-a7bd-bc7bd75ea25d,fa:16:3e:24:0f:b0,DHCP
0d503917-f132-4226-af78-4f12f4086912,fa:16:3e:5e:70:d2,VM
9e43c75a-9118-4d70-8d6a-73a3a9a4ae98,fa:16:3e:e7:52:a2,DHCP
11a22895-bf6a-4018-bb07-cf553fd4615c,fa:16:3e:23:82:0c,VM
ddcfe1db-b036-48a3-87dd-719c4c09e343,fa:16:3e:67:62:f5,DHCP
78636258-4f94-4c91-833f-9d1afd1ec17d,fa:16:3e:ba:ae:40,VM
394c80f5-681b-4480-9542-e2b31811390c,fa:16:3e:22:3e:01,DHCP
f76370d2-fbf5-4b3c-82f1-dbc7e5c20c09,fa:16:3e:44:f2:4d,VM
a8a23b28-c2c9-4abc-8149-1d6038cd0b6d,fa:16:3e:b0:22:f3,DHCP
e5780d9b-6b0d-4d00-b8b4-a19393bc163f,fa:16:3e:39:ec:41,VM
90b4274f-57e4-4a59-a901-c7cdfd095b85,fa:16:3e:f0:61:1d,DHCP
a4827279-29f0-461d-8f19-1f3b1cb20026,fa:16:3e:56:4c:1e,VM
8d5a0fd2-1249-4847-afee-074c8c6071e7,fa:16:3e:e8:6b:2f,DHCP
9bf82f98-e03d-4f8f-a9c7-9c92946fc6cc,fa:16:3e:c8:d1:1f,VM
dd5efe21-e065-41a0-8bd2-4f2f7bc1d8a5,fa:16:3e:cf:ae:dd,DHCP
d48e0470-1483-4961-84d7-5907d86e883f,fa:16:3e:d6:64:56,VM
784b402d-342a-4994-94f9-c07a64f0b8c8,fa:16:3e:7c:09:38,DHCP
cde84e00-8776-4702-ac0a-e497cc9d6081,fa:16:3e:e7:cf:2d,VM
4947ddc3-4a7d-44ab-b20d-9af7249956ea,fa:16:3e:1d:37:e9,DHCP
bfbd965a-5730-484f-8086-bb8ca2be7fb4,fa:16:3e:0e:6a:52,VM
4f93d3a9-8556-47b8-b42e-d96ab0841f0d,fa:16:3e:6c:6b:89,DHCP
1fd717ef-f807-45bc-9da3-de0d53b3f434,fa:16:3e:94:bb:d7,VM
b828378d-434d-431b-a5c1-8667c8cd679f,fa:16:3e:cf:f6:39,DHCP
e13b6b79-1edd-46d1-98e3-9deec705a581,fa:16:3e:0b:92:7f,VM
e542bfca-d734-4aad-a137-cc48fe576e6f,fa:16:3e:cd:8d:22,DHCP
c69107dc-8f24-4dc2-9d0b-ad6572b614d9,fa:16:3e:0b:53:47,VM
54487846-8d65-44c9-9fc2-db2794942537,fa:16:3e:de:7f:29,DHCP
6c05629b-4f9e-4780-872a-7a029d563196,fa:16:3e:43:2a:d3,VM
773a7d97-ab63-4235-a350-7577be94edb6,fa:16:3e:34:41:7a,DHCP
c5ec0a33-54dc-4b6c-9926-c0417d35e7fe,fa:16:3e:76:79:e0,VM
f60731b9-a995-4a91-b956-a690bba3212a,fa:16:3e:e3:38:f3,DHCP
a95b8cb5-75c6-4766-b0e4-80d92c60fe0c,fa:16:3e:17:42:ac,VM
2b5980d6-4424-4013-8dbf-b4e14c2f0528,fa:16:3e:19:28:93,DHCP
69d49cf4-92c0-4f3f-bc88-322e0285d7df,fa:16:3e:2c:a2:69,VM
e690af09-bf71-4729-8e30-a8f72b7d7568,fa:16:3e:35:4b:d2,DHCP
bbfb16c3-fd9a-493a-9517-7726fd66dafd,fa:16:3e:97:8c:95,VM
47106b9a-0e44-4279-8322-b98b2591ac67,fa:16:3e:8b:32:ea,DHCP
76e66ffe-20bc-4597-a648-ce5157d534b7,fa:16:3e:ee:57:59,VM
9a433223-8925-46a0-9474-28e5400e33ec,fa:16:3e:1a:7e:ab,DHCP
93a436d1-ea26-4b49-be2c-efa19eea66ca,fa:16:3e:6b:e2:8b,VM
b21215ad-c97d-48dc-9bde-59287d9583eb,fa:16:3e:38:1d:42,DHCP
b865d67d-499f-42bb-9f32-ccbc1a7686f4,fa:16:3e:80:c9:f8,VM
49dd7fb7-9042-4a3f-baf0-9a5e32bde4f9,fa:16:3e:ec:a5:23,DHCP
d0524211-ca4c-4a87-8ab6-dc01ce29acda,fa:16:3e:53:f7:85,VM
b0a6b8f4-6558-4aaf-9ab4-6b92079d1293,fa:16:3e:01:79:bb,DHCP
89895f5d-bc24-4d49-84f1-c68d345a656b,fa:16:3e:fb:55:c4,VM
f32839a5-7ca5-4493-88a9-77a0d4f02c77,fa:16:3e:c1:8d:d6,DHCP
47e8250c-a660-4f13-b9de-affeabeb994a,fa:16:3e:b2:66:7f,VM
29067965-0b26-47ed-88e3-13d73852364f,fa:16:3e:4b:53:08,DHCP
83bd174c-716b-4e11-bea0-324ca8a5026a,fa:16:3e:59:ff:1a,VM
9337a112-92cf-459b-9b14-2a112d1e0a8a,fa:16:3e:6d:10:71,DHCP
87b14165-9ef6-4bf4-b723-8f9ca6eeaca1,fa:16:3e:a8:29:e3,VM
6a5b2e75-2c42-474b-b642-604f27945f66,fa:16:3e:23:fb:08,DHCP
06af5798-0448-47c6-ac78-e88172295a4e,fa:16:3e:2f:35:28,VM
5a005f66-8b78-4d57-9ca4-6a2e586c6a86,fa:16:3e:5d:78:0b,DHCP
42d13d7c-1476-4d79-8937-4d9fe4770e99,fa:16:3e:e0:dd:4c,VM
9747d102-8e04-4ac3-bfed-66604cb97b9d,fa:16:3e:ab:7c:84,DHCP
203cc7db-3b6f-4c2f-a9e2-2b0791a2a2a2,fa:16:3e:8c:0e:45,VM
16c65741-3e72-4bfd-85a1-a7ea1a3c35dd,fa:16:3e:54:9b:82,DHCP
286f1fc1-099f-4ce1-bedd-de632c6104bd,fa:16:3e:05:9b:e3,VM
8a9a37a7-29b0-453c-903a-05a308e02a4b,fa:16:3e:3b:e6:01,DHCP
50c0047b-530c-418a-9d9b-6bab9965b919,fa:16:3e:34:7f:75,VM
b25e7fb1-aca5-4ade-94ac-eea56746cbc4,fa:16:3e:bf:7d:61,DHCP
c79a2ade-e3b5-48fd-be49-df32af175c7d,fa:16:3e:4f:61:8a,VM
a3c15b48-f6b0-4c99-b95f-94be95e0eabc,fa:16:3e:65:7f:6a,DHCP
7ebd5407-3efd-439f-b721-472b61af1682,fa:16:3e:d0:97:56,VM
f74ee6fb-7898-4ce5-b9f0-cb1182dc532b,fa:16:3e:2a:dc:54,DHCP
3d181e50-08b2-4e2c-97e6-9ecc18462f66,fa:16:3e:76:e5:e8,VM
e097a61d-8e5b-4596-a20d-b1b76cb1c9a6,fa:16:3e:1d:b9:c8,DHCP
cef32b90-3d52-486b-887d-631ca27a1123,fa:16:3e:1a:6b:f8,VM
df6fcdcc-ad39-4392-82d5-e9b6f0dec7f6,fa:16:3e:1b:44:cb,DHCP
f2daad53-90d0-44f5-967e-ccecf78f0c04,fa:16:3e:a7:61:5c,VM
ef0bd08d-de1d-4289-b39f-df67751b7ef9,fa:16:3e:5d:6f:66,DHCP
847bec52-3db9-419e-a286-31b2f7065e6d,fa:16:3e:65:1b:47,VM
362b0aac-8cd6-462a-b67d-8fae08edaa0a,fa:16:3e:be:eb:33,DHCP
2786e61a-1d39-40ec-9da6-950cc8c81d3a,fa:16:3e:4a:f1:f3,VM
3f1468b9-2fae-43fc-b80f-d5de32365ff2,fa:16:3e:50:8e:d5,DHCP
4736878a-6007-4da1-895d-806ea0277ff6,fa:16:3e:38:e1:34,VM
798659ae-d65b-4baf-8bbb-5af7c6b8ab4a,fa:16:3e:04:e5:2a,DHCP
2a5707b2-5c79-438b-ae83-ee1efe381aac,fa:16:3e:be:da:3e,VM
ab850c2d-1606-45d6-bc1e-596d3fb98cf8,fa:16:3e:55:58:98,DHCP
2179ecc5-47f8-4a97-ac25-118835f1c74f,fa:16:3e:0d:81:fc,VM
91534c35-1344-4398-83d3-348a9ac24d86,fa:16:3e:55:71:3d,DHCP
a04d1b19-c99d-4818-8c57-e27bbd5b49c5,fa:16:3e:f0:52:b3,VM
709f1a3a-041e-41e2-9260-271258fd7fd4,fa:16:3e:35:05:d9,DHCP
8fbc9d3b-22ea-457e-bf44-1f1001ef5855,fa:16:3e:15:0d:09,VM
a43f8ffd-3610-4f2c-9d34-9320db6709a2,fa:16:3e:65:6e:a5,DHCP
c4bfa53e-dabf-4f28-8390-4745434bc0c5,fa:16:3e:69:d0:dc,VM
6d8575fd-5950-4647-b333-044f892d1392,fa:16:3e:e2:2e:bb,DHCP
4f6a5879-77f7-4b12-bc94-50d9900a67f0,fa:16:3e:ba:30:f6,VM
48ce577b-07c1-42c6-a765-3185f109a11d,fa:16:3e:82:57:99,DHCP
b1fa6261-1ee7-4c25-bbf0-e8e6ed38e2ef,fa:16:3e:69:67:9f,VM
d512c97e-2e30-4cd7-a083-f72cd7e635d6,fa:16:3e:2e:d4:6f,DHCP
bf75f951-8bd7-4d6a-9a05-facc08f98be2,fa:16:3e:6c:34:8a,VM
37bb6fe6-976b-4d09-9738-fccb89d76b2d,fa:16:3e:02:af:fc,DHCP
6271134d-1a21-490a-b35f-08edac331922,fa:16:3e:e6:22:2f,VM
0d7f6ecf-2770-4a40-be85-ddfce93fa437,fa:16:3e:e9:26:b7,DHCP
c1a547f6-6699-4852-bbbd-0d14f5426778,fa:16:3e:2f:d2:95,VM
95dfda9d-2b23-4d7c-b279-264a8b0b78b4,fa:16:3e:d8:b6:40,DHCP
9918d1d8-a4eb-472e-8947-a55c4b9b1fc1,fa:16:3e:40:19:31,VM
c60e499d-b952-4e1b-8e23-5e84340d00be,fa:16:3e:ad:a5:d7,DHCP
c07f3575-3291-4a89-b062-4a714c41e045,fa:16:3e:ca:80:a1,VM
7f748fa3-7aac-4279-8ec1-100efdd0ff83,fa:16:3e:62:29:1c,DHCP
902a469b-a17b-437a-b6a9-23b5ff9c4c62,fa:16:3e:79:f0:00,VM
fdcf83e3-62e6-4146-88e9-25d31156015e,fa:16:3e:4e:c7:ea,DHCP
75fee454-c357-4317-a573-0eae3e131c6f,fa:16:3e:39:87:0e,VM
1d9a4e82-7f01-4ab1-8348-367a37d13e7f,fa:16:3e:3d:53:a9,DHCP
c4f765a6-46eb-4b41-8213-2618eb82f3d1,fa:16:3e:96:4d:b6,VM
59a4aba6-1ba4-40c5-8965-b29254349fb7,fa:16:3e:77:66:d3,DHCP
9378af06-aca8-4cfa-b775-57ff0e1d36fc,fa:16:3e:77:9b:8f,VM
41756ed9-2c3b-499e-a505-7f5ae481f55f,fa:16:3e:44:2b:4c,DHCP
f1750de9-6964-4abc-9f09-4a2bbd3f59ee,fa:16:3e:ec:c7:9c,VM
5d0d505d-4078-4adf-9d18-d350d4c125d7,fa:16:3e:30:ef:4f,DHCP
d505a2dc-78ff-4a8e-a2f1-9d0b1cc7acf4,fa:16:3e:25:be:b7,VM
ef5c0b44-b015-42b6-abcc-7b9308c69884,fa:16:3e:f6:2a:0f,DHCP
6b5e52da-f607-4bb5-9988-f2da5e602291,fa:16:3e:71:97:fb,VM
f102b9d8-9bbd-4d5f-a824-1860a9628b35,fa:16:3e:f3:0a:d6,DHCP
d2f46a11-d7cf-4adb-a744-a54bc008e40f,fa:16:3e:ba:61:6e,VM
a80dedf3-d57e-4df4-90d6-a925c4591eb6,fa:16:3e:99:9a:50,DHCP
4b9d9e32-49af-433c-af9c-b9ab627b162d,fa:16:3e:21:ef:19,VM
170ecf7f-9662-4a7a-bb26-8d2f71e3dbf8,fa:16:3e:02:46:2e,DHCP
b6c7b733-8f3c-45b9-bf86-86f0bee21f98,fa:16:3e:04:12:c0,VM
505be04a-05a2-457a-a444-7d5996bae7b3,fa:16:3e:da:23:46,DHCP
a186d50d-dc92-4d37-93c5-f624cdf157ff,fa:16:3e:8b:37:94,VM
3f875c57-338d-4767-b0ba-79ebff87ea6b,fa:16:3e:c0:1f:85,DHCP
b636c4cf-0eda-45ca-a6ba-7b5e466f740d,fa:16:3e:d8:89:3f,VM
09025f6b-a811-47c5-b139-d3f1e32aae00,fa:16:3e:21:b5:a9,DHCP
a1662d42-d5eb-4883-b2b3-2a37a01ce03b,fa:16:3e:f1:7f:fe,VM
df813181-035d-4689-bfa5-5930ba121c6c,fa:16:3e:f2:48:f3,DHCP
4174351a-c1b2-47f6-8989-97621be51559,fa:16:3e:36:22:f5,VM
01e2d8af-aff3-45c9-9ea0-cab740a206d8,fa:16:3e:df:31:28,DHCP
05c36535-2ce5-4a6a-99dd-43e120915c3a,fa:16:3e:ac:b9:eb,VM
f10d0df2-2509-4f54-a1ee-ba0608889d89,fa:16:3e:a0:91:cc,DHCP
f6c45cf9-cb64-483b-b259-2e4141a37dd2,fa:16:3e:33:41:13,VM
c200d256-e3ec-488e-a957-d4645e706238,fa:16:3e:8b:28:db,DHCP
46736514-590f-4ed0-8080-c7315fe9b7ab,fa:16:3e:56:9e:a3,VM
0bf7e7d0-b552-4046-bfec-3c6c2f43b84c,fa:16:3e:cc:8f:89,DHCP
36489cc4-beea-4c45-a7de-c185d0415e7f,fa:16:3e:97:c1:d6,VM
f344f7ff-3a1d-4def-b1fb-0895bd9bd4bf,fa:16:3e:a0:31:62,DHCP
ba485786-442f-460a-931c-46585f543549,fa:16:3e:54:fc:6b,VM
0383be8d-c2f4-47f2-8d13-8183a92ed0ff,fa:16:3e:85:de:03,DHCP
7f6da4bf-e9ee-4f35-926b-336f5a17d3b9,fa:16:3e:0f:8d:e5,VM
3e1a8717-4108-4f6e-bb5e-a396ca2a1d2d,fa:16:3e:8a:2a:3c,DHCP
17aeb24f-ec0e-4c15-8d4b-c2f28fe7b5ea,fa:16:3e:9b:95:b1,VM
e9266110-c346-4eaf-9e96-8aafcdbac23b,fa:16:3e:bc:a8:66,DHCP
4a0c3b5b-8691-4e1d-838c-7aec8fea7cc8,fa:16:3e:24:c2:aa,VM
427472fc-7645-4cc4-9510-d2e6066f8458,fa:16:3e:54:51:cf,DHCP
cbc63a5f-01cb-4fc2-a1be-a80a6f0bf8f2,fa:16:3e:b7:52:f9,VM
2cd5d8de-e86a-4d6e-b103-f0c7a47b703b,fa:16:3e:c7:1c:db,DHCP
0399ad3a-e2bf-4a82-8038-fb7ee441f338,fa:16:3e:b2:24:87,VM
77081941-cc6f-4407-8902-4eedfccdea66,fa:16:3e:46:b7:2e,DHCP
b0140e7a-c968-4c26-b4c0-5fd36bd990e1,fa:16:3e:02:15:ec,VM
5d25b978-9f8c-4af1-98f8-1c0d4d674560,fa:16:3e:00:66:af,DHCP
5b8d3641-1811-442b-8646-9b00028c5b27,fa:16:3e:3a:77:5e,VM
67f22024-316c-4b89-868e-8bdc1e0da419,fa:16:3e:d9:80:95,DHCP
1368cb9c-cfd3-48b2-adaf-83253e6c3895,fa:16:3e:7c:5d:e5,VM
d9c5bd76-be83-4e60-a8ba-99c7dcacb7ab,fa:16:3e:89:70:98,DHCP
b6a5fc18-79b4-4880-9726-d0a1a7423367,fa:16:3e:28:b8:62,VM
5ad9a98f-0ec0-4827-9ed9-d5427d9e1576,fa:16:3e:80:80:f1,DHCP
370e96a2-f689-4f13-b882-88986894b0f3,fa:16:3e:06:21:25,VM
9a5191c4-c0dc-4bd0-be0e-e56dc39f2746,fa:16:3e:ea:c9:a3,DHCP
12300e63-9cde-4397-befd-5b498a53d9f7,fa:16:3e:b4:f6:ff,VM
2892599b-b5e0-4cd5-ab58-c0ba57010217,fa:16:3e:3e:26:9b,DHCP
f824457a-e74d-48ef-82e2-cf44c3b07f68,fa:16:3e:13:37:a7,VM
36f3cfaf-56e2-44ab-bb7b-3a73e4bf01d0,fa:16:3e:bc:c0:7a,DHCP
0352dd6d-21d5-477d-bd74-3155d0bd8cd5,fa:16:3e:30:14:37,VM
773e811f-719b-47f3-9fc1-d609aa682fef,fa:16:3e:cd:5f:a2,DHCP
8c33de6a-de07-4171-ab07-e8847134f125,fa:16:3e:e4:9b:e7,VM
c6957775-0a8c-4497-b262-480cf3b67c21,fa:16:3e:14:8a:7c,DHCP
d865c630-2178-4e5e-b039-803048c09ce9,fa:16:3e:1b:f1:0c,VM
9c7c1347-80fa-4341-8478-6ae11d77a9a3,fa:16:3e:54:2f:7d,DHCP
6d3fc773-551a-487a-90b4-8a8960ce233a,fa:16:3e:e4:7a:9a,VM
5c68d564-9979-4880-9191-40882b763104,fa:16:3e:fa:da:3a,DHCP
6cd9e1dd-dc6c-4297-af73-add3b363e692,fa:16:3e:48:e2:01,VM
cbc7e2bd-fcf7-4414-9191-8e34ea0aec8e,fa:16:3e:bc:7b:92,DHCP
fe23e453-b4e5-4f5b-9c93-62d159e367f4,fa:16:3e:23:66:7d,VM
d000908e-2263-420e-a1ba-c0ac2f7051b2,fa:16:3e:62:68:9f,DHCP
f0f35b9c-47d0-4151-83d6-8aa37814ed23,fa:16:3e:80:a1:6d,VM
012d059a-3bf0-4e9f-8b39-25ed595daa74,fa:16:3e:05:90:dd,DHCP
b06028c4-531c-4764-993c-e1c2c9326592,fa:16:3e:03:d7:b7,VM
f7f0e7c7-2cd7-4713-9ead-e11a7322cbbf,fa:16:3e:ae:af:b4,DHCP
5bb63083-c2d3-46f4-9c41-9157377a5887,fa:16:3e:f1:d0:6f,VM
0e51bea0-ed32-4e45-9d0a-4de12be416e9,fa:16:3e:cd:b7:79,DHCP
7ae29cc2-6702-4a6b-b27f-8409be14fdfb,fa:16:3e:46:28:e9,VM
c0d486fa-319e-43ea-a894-dbfae8b5bfdf,fa:16:3e:74:4e:ca,DHCP
e954fd0f-c6b4-494d-a72c-016758c5d24f,fa:16:3e:e4:09:61,VM
b60c2f39-2a37-48bb-8ca4-fd0813a0b3a0,fa:16:3e:36:d9:1b,DHCP
205dc0c8-92ac-4312-b3e2-db7a192a3205,fa:16:3e:b3:e0:49,VM
cbc68193-4187-4b7a-89c5-a3c441025267,fa:16:3e:dd:e4:25,DHCP
092ccf97-55c6-405b-b0a8-0922baf3fa73,fa:16:3e:de:af:71,VM
b9d93226-fcdb-4044-9967-b11f19b05edb,fa:16:3e:32:03:40,DHCP
7b7037a4-7b0f-44f0-a899-9323b1a0340e,fa:16:3e:ea:f8:52,VM
5bee0cd7-2e24-42bf-a3f3-4e45d1b10e14,fa:16:3e:60:7f:01,DHCP
bb904f73-ebda-4b56-974a-00a1801a8b39,fa:16:3e:17:0f:5d,VM
e4cfd7e6-e0dd-47c6-a955-3165961eef23,fa:16:3e:b9:11:56,DHCP
ce653029-ef8c-4659-b127-8a81de7fec39,fa:16:3e:8c:9a:c4,VM
d3476495-3a77-4d92-9065-fb0a8fc92377,fa:16:3e:82:5c:90,DHCP
d354b5c4-25b2-4b83-b4e1-9bec375a75b6,fa:16:3e:a6:ea:87,VM
207d5a2a-45a7-4b4c-b164-d9d23660763a,fa:16:3e:aa:da:c0,DHCP
773d6716-82fa-42d7-8337-c9937275ed36,fa:16:3e:14:cd:1f,VM
06b8460d-86ab-4df7-8542-336ac27cef4e,fa:16:3e:49:ef:88,DHCP
669edb3d-b129-4098-b2ac-5e0200073c2b,fa:16:3e:ac:bc:3f,VM
e937aed6-074d-4b8d-8482-fb6a2b8c5174,fa:16:3e:41:87:88,DHCP
40c5363c-850b-4081-b86c-5b451fdacb12,fa:16:3e:ef:81:92,VM
fa66124b-0b03-4e7c-a0df-e7d4fbbf10f5,fa:16:3e:26:de:8c,DHCP
7f43ef8e-c32a-4d83-ace9-a53554b2ed44,fa:16:3e:d9:e9:43,VM
d4bfbd16-6bce-4953-bbd9-6f48f6e9adce,fa:16:3e:ca:43:f5,DHCP
c683528c-3a67-4531-9029-79aff5f72885,fa:16:3e:42:2d:44,VM
de34083d-1ac2-4cf4-9a61-ccbc1d8d8c9e,fa:16:3e:22:90:bc,DHCP
dd15977f-c01d-4753-88dd-fd481d759ecc,fa:16:3e:76:95:2a,VM
0b9de9ce-caeb-42fc-abc1-1e4fbff69e24,fa:16:3e:d2:8b:75,DHCP
1b4ed7aa-a8d5-4fdd-872e-84c14c03859f,fa:16:3e:21:17:4e,VM
8667c295-4d3d-4725-9cb6-ccb1a805ea9b,fa:16:3e:47:df:c5,DHCP
3d2e09c7-d677-47fe-a277-fca7e7ad05cf,fa:16:3e:b9:f7:e4,VM
d6051cb4-0ab1-4c7b-b7ca-99b9ae2dd1b8,fa:16:3e:32:bf:20,DHCP
897f535a-d891-4e12-956c-da70fc8bae11,fa:16:3e:33:bd:c1,VM
ed7f2352-2d64-47f4-8728-08be91e6a732,fa:16:3e:e5:e3:0d,DHCP
fd5f9e69-d17a-4649-9b55-8291af17ef27,fa:16:3e:f8:53:dc,VM
52e02a60-5d0f-48db-8ce4-0adaa34dd9d0,fa:16:3e:f6:6b:f1,DHCP
2b172323-41de-4c92-a032-2f46b082f9d8,fa:16:3e:f8:16:fb,VM
ebce48f2-ba4d-4b0e-9d90-3d5d92693589,fa:16:3e:49:43:b3,DHCP
7b603ce9-9c10-4104-bb39-42a4fc4f4803,fa:16:3e:c6:44:2f,VM
ddcb3bed-59e8-434a-b276-85c11ec1cfcb,fa:16:3e:0c:42:87,DHCP
54defde8-ae15-47f7-9ada-466dc7f7acaf,fa:16:3e:c0:ee:32,VM
d9e02b65-0f19-434e-8c48-6c69548a9a32,fa:16:3e:b4:04:cd,DHCP
40efd8c7-bce1-48f3-9a52-3b58fe055a13,fa:16:3e:59:d3:f6,VM
ce68e45e-30a6-4b09-af96-af91861caec3,fa:16:3e:5e:a9:34,DHCP
d3b89c33-d99b-48a3-8890-3c7f1ef92390,fa:16:3e:4d:de:d9,VM
3362f018-2e5f-4f96-9876-e68e8955c6ed,fa:16:3e:b5:03:29,DHCP
2fe9cb8d-88b2-46f0-9f53-a9b6ce50416a,fa:16:3e:7f:02:58,VM
2fe6444b-48e0-4037-b2de-12eed00d1fec,fa:16:3e:23:d6:2e,DHCP
bdc2a810-a944-4f17-9337-46db9f56acc8,fa:16:3e:48:28:c8,VM
83e729c0-db30-4dbf-aa6b-c912ee5f6d66,fa:16:3e:7d:0a:7f,DHCP
df8c125e-7666-4e9c-83ac-28cb5d664e21,fa:16:3e:8f:aa:4b,VM
41a0e27b-ea14-41c2-9bd4-91169077791e,fa:16:3e:05:42:24,DHCP
78140b08-4a0b-4ef7-afa0-c89617faa495,fa:16:3e:ee:82:e7,VM
17347e5e-73f1-4454-8e89-643da340767c,fa:16:3e:62:79:5c,DHCP
c2c46b48-9ea6-4c48-82c1-0093d91b4162,fa:16:3e:21:7b:4c,VM
f786bbfe-99ea-4022-891d-fd724337cfcd,fa:16:3e:f6:65:9d,DHCP
b86e81f0-730a-42c2-9f9e-19e78b3c375f,fa:16:3e:74:68:62,VM
266cac11-928b-4503-9c52-32e323251d3f,fa:16:3e:90:98:b5,DHCP
ea70ca99-3b08-4c39-80da-a99391a5a20f,fa:16:3e:e5:53:5e,VM
4fa97a25-4fad-4c2d-88bc-c6ac6d07ea8f,fa:16:3e:03:d2:fe,DHCP
a19027d8-9f49-47e0-826d-62dfad5fe5dc,fa:16:3e:e2:1a:83,VM
0291b924-8a52-489a-9793-ba977094ad97,fa:16:3e:1b:4a:62,DHCP
37293bf9-f4d8-4fba-bfde-dce0d5c4c82d,fa:16:3e:8d:c4:e8,VM
0369cf01-c786-4134-b648-08ae8bb1dc44,fa:16:3e:a4:e9:f6,DHCP
53ccdc41-4705-4d6b-8f11-686d0eff2b03,fa:16:3e:5e:20:75,VM
0eaa851a-ebea-44a7-90ce-71cf0712b081,fa:16:3e:47:f2:a9,DHCP
f5000937-d40d-45ad-ad8e-2fb7f263a1d2,fa:16:3e:7f:31:6e,VM
75f877cb-88fb-4f49-95cd-435adcd245fd,fa:16:3e:f8:0e:32,DHCP
8bb5937e-f6af-46e4-9632-1350be6af1a6,fa:16:3e:e6:c6:ea,VM
a5882370-ece2-4fab-af7b-5ca4aaa72fd5,fa:16:3e:df:08:49,DHCP
d144aa24-2ebc-4b14-b7ce-e3baf64da2fe,fa:16:3e:51:4f:c1,VM
8f02876a-a299-49ab-9166-6433bdbd6b34,fa:16:3e:64:fb:06,DHCP
f3996df3-7bc3-46e5-9ea9-cd64f2a12a68,fa:16:3e:53:d4:de,VM
72929645-e363-47a6-89d3-855eb61495c0,fa:16:3e:48:b9:ed,DHCP
c09dd05d-6ae0-49c3-9d53-2b4869b72589,fa:16:3e:8e:93:e5,VM
94befc7e-d931-4052-b8d8-b9a5c816d4f9,fa:16:3e:12:f8:1a,DHCP
099de20f-6f25-48d0-b1f5-459cf98280de,fa:16:3e:a0:db:e9,VM
05387b7d-a06e-4de8-9c81-ec8ee6cc139f,fa:16:3e:96:af:9a,DHCP
b1eb3473-d586-430e-b4a2-4816e8bcf902,fa:16:3e:26:50:95,VM
d47aa40d-5b1b-46bd-bba5-7cd21543452c,fa:16:3e:46:25:60,DHCP
64af5d5e-719a-4b19-9441-edb8c1704d48,fa:16:3e:bf:06:55,VM
d68401e1-101a-45b3-b539-dc147ec665e2,fa:16:3e:a0:fa:e1,DHCP
772d06ae-0c67-4b72-b47f-4ae5662c78e3,fa:16:3e:18:07:93,VM
bf9746f6-1774-42cb-a47b-bd32e438f6d1,fa:16:3e:35:87:60,DHCP
59b7ee8b-2776-4b97-9f0f-7a04806f2c68,fa:16:3e:f0:dd:a5,VM
77e79412-ca85-4315-8af1-c36797595f79,fa:16:3e:d6:32:b8,DHCP
0884aee9-d067-4a93-9850-73ad807fdc44,fa:16:3e:07:47:ec,VM
b377d3d2-8f98-4cbb-b89f-ea57a097ef44,fa:16:3e:c1:75:93,DHCP
6fced514-1730-4470-9746-e61cddea2185,fa:16:3e:3f:53:f1,VM
1db7fea1-4a45-4109-a584-a3ad9740ee55,fa:16:3e:66:d9:38,DHCP
a36b7752-6f7c-4b25-8ae7-8cfd97b39da4,fa:16:3e:86:1b:3e,VM
3a0a10ae-dbc2-4a39-98a5-61a34eb07444,fa:16:3e:58:f7:44,DHCP
15ee576b-5b3b-4a75-9e22-fcb7044f2d64,fa:16:3e:9a:bb:c2,VM
46cb0129-2eef-416d-b22c-cd50be9810b8,fa:16:3e:84:f4:a4,DHCP
764e60b4-40d5-4788-8e81-34f104f66a60,fa:16:3e:51:e6:ac,VM
6d01c75e-7e94-4281-806b-abb33dc1e668,fa:16:3e:ed:00:68,DHCP
993004d8-3dcb-4675-b995-09544519834f,fa:16:3e:1e:8b:47,VM
8f39420d-c4a6-46d5-b0f0-e5435dad8388,fa:16:3e:57:10:14,DHCP
4c1119d6-5667-45ca-abef-971581e68a25,fa:16:3e:01:80:9c,VM
118fd1fe-6b95-42a9-8d2c-4739bb0a197c,fa:16:3e:80:59:49,DHCP
067571fc-bfc3-48ce-a8a3-ace559db5705,fa:16:3e:49:20:0c,VM
cd08e80d-e456-42d9-9fbe-41600238c56b,fa:16:3e:e8:fa:5c,DHCP
6f081f8c-55c9-4485-b228-e94677e5d538,fa:16:3e:68:ef:0a,VM
6b58f822-cae8-4982-8d04-83c92035a3da,fa:16:3e:d2:27:c4,DHCP
9a7b1fb7-8612-4643-944d-81e5edf2ac08,fa:16:3e:b4:e9:fd,VM
ae30756c-bd01-48b4-9b3b-660854e8d656,fa:16:3e:38:65:3a,DHCP
6a9d4163-fe9d-4e7a-9123-0f91cd08b53a,fa:16:3e:ee:c2:f3,VM
5d53629c-f1b8-4683-be26-dbb842ad1759,fa:16:3e:ce:42:24,DHCP
f108f42a-cea5-462a-90d4-cade98f44ddf,fa:16:3e:09:32:ec,VM
97188931-b9b7-4176-81ba-ac9381eb3df0,fa:16:3e:4d:b7:30,DHCP
7077a044-a5ef-47e9-a456-18f73c188c4d,fa:16:3e:7c:0a:d4,VM
eca16d80-a554-48ad-b05b-09f7856f4906,fa:16:3e:14:a5:e7,DHCP
22933c0f-22d7-492f-bf12-7870326d7e1e,fa:16:3e:8c:43:ae,VM
2a8a3f5d-c9cc-4a34-8b2c-fd0f13fc42c9,fa:16:3e:80:55:c4,DHCP
a039dc51-6ec6-4e3a-bc70-80225fee2827,fa:16:3e:79:bf:8b,VM
e4d5912a-157b-493d-84fa-1dc7e5d9681f,fa:16:3e:b2:ec:fd,DHCP
ac6385d1-8e9b-4591-86a1-596884e7ed66,fa:16:3e:4c:50:b1,VM
278771be-234e-47f1-a6ea-6bc3e7f533da,fa:16:3e:89:e3:3f,DHCP
455435b6-3d96-46b1-a9b7-717da6459830,fa:16:3e:f8:88:f3,VM
e246a2f4-ef5f-4d99-8f02-9a614cd118f2,fa:16:3e:53:17:0d,DHCP
f1ecd556-a823-4173-8870-c8cf6fa4634b,fa:16:3e:76:a1:5e,VM
5575e3cb-2587-49d6-be14-a4641587c5db,fa:16:3e:a4:7a:4c,DHCP
dd92f77f-579a-4cae-b29f-f0bf95c285c4,fa:16:3e:e0:61:a7,VM
8cb4bb6c-7c0d-4917-913e-4db0ed477840,fa:16:3e:fa:86:ed,DHCP
ee66e6f4-ae81-43c9-8855-613c20739127,fa:16:3e:d5:86:34,VM
118cb6c4-72fd-47fa-b572-e03db0c8bcde,fa:16:3e:15:a9:d2,DHCP
1e97d6be-4e8a-4ed7-8bfa-f8e3ed70a846,fa:16:3e:cb:0f:1d,VM
30784e29-97f8-4f07-b46c-3de7c03173bf,fa:16:3e:57:bd:43,DHCP
50d0908f-2610-4d7d-a4de-f2c0f43f7797,fa:16:3e:38:f4:ed,VM
9646f5ca-495f-4bde-b85d-5625ae4f7813,fa:16:3e:1c:d3:02,DHCP
343daa86-abb1-42ca-b02f-6c04a5cb208a,fa:16:3e:e9:2d:28,VM
e912b991-15a8-46b6-badd-4ac8eb9502ad,fa:16:3e:af:47:4f,DHCP
c97be879-ffec-487a-91e0-df51b7bf7964,fa:16:3e:3e:c4:b3,VM
57c44aac-3ef5-4801-89de-2e65722a87ef,fa:16:3e:a8:a3:81,DHCP
11ccaee6-3623-4c4f-bb95-532d5932601b,fa:16:3e:8f:95:56,VM
e666481b-d158-459c-b14a-bfd1ce990799,fa:16:3e:8a:89:ba,DHCP
71f66763-dfdf-4a24-b87b-ec12d6583fd7,fa:16:3e:b4:d4:52,VM
1bd175bd-b85e-4a67-a112-037009494de2,fa:16:3e:bb:90:f2,DHCP
e634e681-cd56-49ab-938d-63b2e7136a5c,fa:16:3e:2e:81:f1,VM
1edc36d8-8116-491c-82d6-741c0e708796,fa:16:3e:89:12:de,DHCP
d15ca308-db5f-4466-a4c9-13f58454631c,fa:16:3e:c9:fc:0f,VM
f41300a7-5208-4832-a43b-0e01d8f08a21,fa:16:3e:23:a8:00,DHCP
2d1bafa3-6620-414e-b9e6-eb04a7c92087,fa:16:3e:93:a0:b4,VM
cf33eded-f86a-4894-9ec2-6154461e405c,fa:16:3e:4e:5f:e8,DHCP
d61a06d1-f5a1-45b0-8c73-bf7ae320347e,fa:16:3e:50:3b:61,VM
c298b1a8-828e-4301-8ce2-d5b62a977413,fa:16:3e:6b:17:be,DHCP
0d80b303-95b2-458f-a5cd-4043aa59c502,fa:16:3e:6a:32:68,VM
69a301f6-f06c-4512-8997-14ee5ab2ff9e,fa:16:3e:03:bf:97,DHCP
6a6de507-f520-4600-be98-5a6c9bb8db6b,fa:16:3e:83:ab:c2,VM
6df34460-b069-4a64-bfb3-685b9b798dcb,fa:16:3e:52:f7:0e,DHCP
ca0483a8-cb31-42cd-b82a-b38c73aea85a,fa:16:3e:7a:1b:f5,VM
bd103c73-a594-4d75-a287-ee4b07f342ae,fa:16:3e:8b:24:49,DHCP
18ab1f12-884c-42c7-9a2a-0c059fae55ea,fa:16:3e:9e:14:39,VM
cf3a8e6d-f7e2-4be6-bcac-52ffb385be39,fa:16:3e:25:10:69,DHCP
81f5af7d-8c01-42c3-8168-1ea2a076e84b,fa:16:3e:d1:43:e4,VM
9d948235-1c88-4f84-93e9-74c8f35a2bef,fa:16:3e:a8:df:9e,DHCP
38b44763-e8d7-4271-b581-2c908ab5c772,fa:16:3e:fe:5e:7e,VM
9e42121b-93a2-459d-b706-c956da98c9ef,fa:16:3e:2b:30:31,DHCP
0607d31a-3ffb-4202-b78d-58b4694fba58,fa:16:3e:a3:b9:3b,VM
893fba8f-0349-41d3-86ea-950e70a1d16a,fa:16:3e:d2:3b:c4,DHCP
3bc04162-4eeb-463a-88c4-61e34bbd630e,fa:16:3e:12:1c:5f,VM
d1819491-2261-412e-82b8-ab3a3f8bf97f,fa:16:3e:6c:b1:17,DHCP
161cfe3b-2cc4-4f06-858f-a30e986fe871,fa:16:3e:be:3a:10,VM
f9e1556b-e5dc-466a-801f-057859996821,fa:16:3e:51:de:f0,DHCP
7cfff391-9a6b-48a8-9439-e5052a999046,fa:16:3e:13:73:c7,VM
1418e28d-2d88-4e39-a79d-693be09e8920,fa:16:3e:7d:7e:d7,DHCP
08ecd697-35eb-45f6-84d7-9d0cefb75d06,fa:16:3e:a3:0f:af,VM
5c0f953b-64c3-4507-9d3f-51c474ddb03b,fa:16:3e:26:71:68,DHCP
c1f49929-3cec-408f-863c-08e4b2cc29de,fa:16:3e:ef:51:6c,VM
7c2c6b80-5895-4e9e-830e-7c1d1bd5f263,fa:16:3e:8f:39:af,DHCP
e7136d34-4028-4801-aabd-ab23669b3723,fa:16:3e:92:ce:fc,VM
8df28d48-97a0-4e85-bb36-574a2f8a1c4b,fa:16:3e:f4:6d:d0,DHCP
5fe379ff-c19e-4866-86de-fac99d1604f7,fa:16:3e:8c:ce:1a,VM
bdd2a1e6-a39b-43cc-8b42-5b691d85f06a,fa:16:3e:d7:03:c7,DHCP
162e5daf-d174-452a-867e-349baa6a9a74,fa:16:3e:ff:2c:dc,VM
bb4dae5e-aa1f-4b79-b117-0e869e6e0d22,fa:16:3e:c7:bc:94,DHCP
8885c065-884f-40ac-bc11-467f3489ac40,fa:16:3e:d4:b4:20,VM
800e2770-4e43-4c47-af9e-b9e506991960,fa:16:3e:93:dd:a4,DHCP
5b7e54a3-8e12-4f79-a1dd-5a99e321b5d5,fa:16:3e:de:d1:a5,VM
455fc2f7-cba1-49a2-b20a-50b87c1347c2,fa:16:3e:1a:70:c9,DHCP
2e1f22f0-898b-4241-852d-eb276d972c92,fa:16:3e:d3:12:82,VM
4ffc2325-0198-4736-b919-3dae785ae433,fa:16:3e:1f:e6:95,DHCP
98b18952-54c3-410f-86cc-684712661425,fa:16:3e:fc:ca:c2,VM
72f99c3a-2c8a-47e6-864d-c11e6f47e67d,fa:16:3e:f1:33:18,DHCP
5edb37af-e231-4e03-836c-41ab346df5b9,fa:16:3e:1a:4f:c6,VM
6146f55b-7cc2-42fe-b7c8-2ea392614d59,fa:16:3e:80:03:03,DHCP
8f1b7982-a1ae-4aea-ac29-48a84b9ff3db,fa:16:3e:31:e5:a9,VM
dcd39177-4f75-4bd7-842d-948ee2a9b22b,fa:16:3e:a1:1f:65,DHCP
25490deb-ec50-45cd-b8c1-bbf4ca501db1,fa:16:3e:42:1c:b4,VM
caa4a887-056d-415c-a058-b1e777e0038d,fa:16:3e:55:1e:f1,DHCP
99c0e07a-30af-450d-ba71-d72fc6418c31,fa:16:3e:ab:4b:0b,VM
e284d774-0839-4287-9e11-6d7fc001daff,fa:16:3e:35:d6:00,DHCP
5b2fb8fa-b80e-443a-a3e3-e8786e59d9d6,fa:16:3e:65:39:08,VM
53fab315-670c-4041-b3c5-1e3b925c5dc7,fa:16:3e:59:94:b0,DHCP
5294bc8a-4c49-4912-94da-18b25e98713f,fa:16:3e:0e:07:8e,VM
9b392f43-aa8a-46b4-a1fb-0ba96c786348,fa:16:3e:02:96:55,DHCP
eade4e67-eeff-44b3-9701-ac5512b65fda,fa:16:3e:d0:9f:31,VM
1072954f-08aa-41f7-8da4-5dbcc9ffd7bc,fa:16:3e:70:9e:9c,DHCP
493815b7-f36c-431c-aeec-cca73387fec9,fa:16:3e:bc:ea:48,VM
3ad2bc85-52f7-41a6-9104-1fc7ff411a84,fa:16:3e:c7:27:ca,DHCP
cc6aae7a-5b0d-46eb-9c1c-0845e8ba9902,fa:16:3e:12:2a:c3,VM
1454b157-b725-4d64-8c96-3d7b3124aca3,fa:16:3e:25:1f:77,DHCP
fad30325-6ed9-49e1-b479-082b92475c90,fa:16:3e:0c:c9:42,VM
ecbb0fc0-784b-4904-9476-24d2b0204292,fa:16:3e:e7:e0:15,DHCP
ad1bde02-bc19-4cfc-928d-840c7e727612,fa:16:3e:b4:7f:70,VM
62644b7d-1064-476b-8957-d14dfccd130e,fa:16:3e:43:ec:de,DHCP
c897ef1a-dc38-4cfe-956a-34c601e0ea39,fa:16:3e:ff:bc:46,VM
f8aeda7b-79a6-4386-b45b-1baa6a6f9c32,fa:16:3e:a1:ae:48,DHCP
5739b0ed-5021-40cf-9612-a5e106622646,fa:16:3e:5d:5c:1e,VM
e3b56ce4-c315-4a34-9cd9-9cdb6536f735,fa:16:3e:d9:48:45,DHCP
703f00f5-e341-4774-8312-64931ce2aa92,fa:16:3e:f4:8b:c7,VM
ac8cc57f-e83f-4fbf-a653-fc0e2e7ed7ff,fa:16:3e:11:18:4c,DHCP
c365a27c-a83c-472d-b948-45532110b695,fa:16:3e:5b:5b:8f,VM
fc70d0cf-1a2b-43b3-8dfa-6c8ebb13c35b,fa:16:3e:f0:71:c5,DHCP
e32f5f2b-c11f-468b-84b9-8cd0b68e833e,fa:16:3e:75:9b:7c,VM
2999387c-3240-42f3-a178-a55011538716,fa:16:3e:49:28:07,DHCP
a434afd7-e530-4ea7-8cc5-633d46c6c38c,fa:16:3e:09:ae:2a,VM
4ddbc307-5b0a-44f4-9ccd-1a6396992395,fa:16:3e:b0:cb:3d,DHCP
881d02b5-73aa-4788-ae86-41700c3639a5,fa:16:3e:9a:01:b3,VM
2ad9ba39-b900-438a-aa0c-98a65ec75949,fa:16:3e:b0:7d:f7,DHCP
8e972199-0128-455f-be24-578d4a125420,fa:16:3e:cf:56:df,VM
41d5c164-7661-4fbf-8fb9-4963e2b8a4b5,fa:16:3e:f0:91:0c,DHCP
5b6e6c40-fc73-41b3-8138-9a9a54af472a,fa:16:3e:ae:d8:75,VM
72002f3f-52a3-4a94-a8eb-b8a3eedfa966,fa:16:3e:8e:f2:84,DHCP
bc669e7a-c785-48d3-8f30-4f8f110fe4e5,fa:16:3e:6d:7f:a5,VM
552fe13e-ed44-4d00-a620-2c9f20ffa1fa,fa:16:3e:80:d2:af,DHCP
d97fbf2a-cf76-4e31-9571-f0063114be87,fa:16:3e:fd:35:7a,VM
360bd452-3102-4d48-be16-5a2929d2d9b1,fa:16:3e:b8:ac:70,DHCP
4d5de9f3-8238-4484-a5f6-691f1cc5270d,fa:16:3e:8e:f4:6f,VM
a288d91c-a2ad-4364-8765-4df110bd52d4,fa:16:3e:6b:25:ee,DHCP
88bc0da7-cb0b-427d-b3c2-da0f0a4d0250,fa:16:3e:09:a5:ce,VM
7bb8d641-654a-41e4-a83b-c8f44e135e0a,fa:16:3e:a1:6d:07,DHCP
8bc74c2f-1b77-4f69-b9f6-bc280f82c782,fa:16:3e:9a:d3:2c,VM
7673ad1c-6ebb-4206-b160-a09dcedaf1f8,fa:16:3e:79:5f:86,DHCP
37dd8917-a39a-4dc0-a71d-b4279ba98a96,fa:16:3e:77:95:59,VM
366abd96-9a45-4bf9-9197-4753e74999d1,fa:16:3e:5d:9c:fb,DHCP
dff28684-92b3-4451-b8d6-dec7d2978b9e,fa:16:3e:68:77:c9,VM
7c1a7b2e-b159-4861-9db9-9bfe9b674935,fa:16:3e:00:b4:12,DHCP
9ce5977d-2596-47ad-b14e-11c03235486b,fa:16:3e:36:aa:b7,VM
7310ba92-0117-40ec-b435-d312987295bd,fa:16:3e:c5:b5:8b,DHCP
813ac8b1-3922-42ef-84f4-1c330854c617,fa:16:3e:88:ab:c8,VM
e414b5fc-1609-4c61-ac57-6c3c8d03148a,fa:16:3e:6e:7a:af,DHCP
a8dff586-f5ee-4424-8ca5-4863e9bdf7bb,fa:16:3e:85:0c:67,VM
3442d8c4-24fe-485e-a3de-ec851cc3f9ef,fa:16:3e:24:95:b2,DHCP
d55ce9fe-9b46-4613-9270-7e1774e39af7,fa:16:3e:52:d8:c6,VM
fc799ad1-a60a-46d1-8c7e-9bab5274f772,fa:16:3e:37:a2:66,DHCP
d9e59fb0-0eca-4c78-b2ec-21cf5ad73e85,fa:16:3e:0d:b3:a9,VM
b3ba83bb-e2de-4b03-9310-aa3f04a73818,fa:16:3e:82:e6:55,DHCP
5d693195-7c1d-4a08-a17d-c9e6b50e09bb,fa:16:3e:49:3a:63,VM
b04f7314-8c40-4e4f-9f43-8e39e21f3b9d,fa:16:3e:aa:27:ab,DHCP
25dae24f-2ec8-4190-878b-835ba58e551d,fa:16:3e:6a:6b:65,VM
ba365949-51bc-4217-bc02-712866bd2b6a,fa:16:3e:49:64:5b,DHCP
e0240013-59dd-4693-818d-f13a4583af52,fa:16:3e:f5:dc:55,VM
57cf02dd-500e-4724-8923-c6b3fd179d70,fa:16:3e:fc:fe:31,DHCP
96acc06c-d24d-4bd7-b3ab-d35b29c18cd9,fa:16:3e:da:17:87,VM
c8e6bec7-65d7-4c90-b009-59ebbb1be1d6,fa:16:3e:d3:c9:f2,DHCP
1d28817f-4ee2-419e-9b2d-da43f81f3210,fa:16:3e:4b:84:14,VM
2ccc1c77-e815-4f03-83dd-9319d61c3d49,fa:16:3e:1d:05:f1,DHCP
9fef21a3-0d17-4c1b-bb8f-ba5b9de996e3,fa:16:3e:bb:e0:ae,VM
e92d6caf-818f-46f7-b607-bcb95495e981,fa:16:3e:41:85:3b,DHCP
51a9849f-11e4-4d3d-aada-056a35c0bbee,fa:16:3e:18:65:50,VM
0617ac82-5651-4074-9b82-7174ac5b98c8,fa:16:3e:7b:35:74,DHCP
5cdaa5f5-6c04-46d2-be9b-64e834bc1881,fa:16:3e:75:91:c9,VM
da536919-d07f-4546-9eb2-4a58ef0eabcd,fa:16:3e:9a:d9:97,DHCP
d4f7f983-385b-4ea0-830c-7b976620e064,fa:16:3e:a3:e5:7e,VM
2a5162bb-a4c8-476f-99f7-00db67effb1d,fa:16:3e:37:02:b1,DHCP
d70332ee-d271-46ba-99ac-ee1ed39abbb1,fa:16:3e:88:1b:5a,VM
a1710865-6def-4c98-89f1-3dc1976b2dd9,fa:16:3e:64:d3:56,DHCP
ba5dfb17-7281-496f-b7e8-f197082fa44a,fa:16:3e:a7:99:28,VM
16f25bae-9675-4e46-bf02-54ac5d6077dd,fa:16:3e:69:eb:e5,DHCP
1dcd855f-be93-49a9-bd0d-b7d475034fe7,fa:16:3e:46:d4:d8,VM
fdcea5d8-eb30-4440-bab5-ccf3a812288f,fa:16:3e:a1:96:af,DHCP
e78d3082-51cf-4375-b24e-9ede4c41da51,fa:16:3e:1c:0a:57,VM
4e469f21-8ca3-42b8-8cf3-740dab762cee,fa:16:3e:60:11:ed,DHCP
b7b52b48-0f24-4381-b888-bb250ebb70b8,fa:16:3e:90:a2:be,VM
792cc017-44d2-48b9-b779-9c5e6ce7512b,fa:16:3e:e3:5f:31,DHCP
4670b3d8-7d15-4385-b6ce-8c1ab0313f77,fa:16:3e:e3:68:c2,VM
bd6f097f-242f-46c2-ba9c-f4ac1916974b,fa:16:3e:70:ee:78,DHCP
99ff312b-6b83-4ffa-858a-61ce0686ddb7,fa:16:3e:63:e1:e9,VM
890ab554-6c95-49e1-a58d-5585f7b10273,fa:16:3e:5a:7f:88,DHCP
6381f7de-1d06-4b70-b151-605a96ecb66c,fa:16:3e:9a:be:17,VM
0346fb11-3f6d-459c-aeee-346f328e4e32,fa:16:3e:3c:10:63,DHCP
f01997c7-41da-4985-8bd3-1c6380f88994,fa:16:3e:7c:65:d7,VM
2862e652-ced2-409a-aa89-beb94d43efc1,fa:16:3e:74:59:e0,DHCP
309eadc2-234e-4d21-8d0b-58a853792ecd,fa:16:3e:ac:f3:1a,VM
636ba207-c423-496f-bdd4-190f713c154e,fa:16:3e:4d:80:28,DHCP
c84692c8-c863-4b9c-a9ef-1096cc657fcf,fa:16:3e:68:54:bd,VM
ce2a3152-6001-4ec8-ab48-a2d3ef98bed6,fa:16:3e:bc:42:71,DHCP
24bd62b8-73d9-4cc4-8aa2-689a1ea9ac08,fa:16:3e:40:2a:75,VM
0225d323-6373-4d59-9227-0cfbfbf3a0f7,fa:16:3e:b1:48:31,DHCP
16a50e25-b84c-4239-bce6-8430b0590fe6,fa:16:3e:8d:32:8e,VM
74b85a6d-5ade-47ad-b527-0f0e01dfa1f8,fa:16:3e:ff:1d:fe,DHCP
27bbccbd-dafe-45ee-a03c-52fbd45799be,fa:16:3e:be:e0:c0,VM
9280fe73-8496-4272-ac35-0f3b5ce07846,fa:16:3e:fa:62:bb,DHCP
03d80ddd-ae7f-4efe-8b57-dbf826334312,fa:16:3e:32:d8:1a,VM
44135d99-c7a2-46b4-b621-a88a43419c46,fa:16:3e:56:d7:88,DHCP
66d52a23-025b-4a7b-88b8-a31eb6066d41,fa:16:3e:29:01:7c,VM
94aa26f3-0670-41c8-961f-d3b282ac699d,fa:16:3e:75:72:2b,DHCP
ac1471ef-63d9-4c0d-ba8b-d9e73f7ddf23,fa:16:3e:2a:71:7e,VM
914ce46d-e33c-41fa-b1ba-812ce4e50944,fa:16:3e:07:43:c5,DHCP
c354b6ad-923e-42fc-8f07-c2c78b6d5755,fa:16:3e:14:ac:e2,VM
143bf359-f9b6-417c-a5e8-b0f0212f24ab,fa:16:3e:97:78:25,DHCP
95d33632-32a5-451b-a3e9-075286722ce1,fa:16:3e:6d:92:ba,VM
85e7e109-80b5-4ff3-8f32-bd041e757703,fa:16:3e:a5:47:eb,DHCP
541656aa-5d36-4299-b777-d26ae3dc8997,fa:16:3e:75:40:59,VM
eb62f6b6-63c8-48e1-8923-b40c6a104fc7,fa:16:3e:80:7a:2d,DHCP
546197e4-d701-4785-815e-ae819b68e16a,fa:16:3e:d5:4c:db,VM
546bc753-c940-4eef-881f-b713f32577a6,fa:16:3e:76:ff:c9,DHCP
2edce3ed-9915-41b3-a495-419ce73306a4,fa:16:3e:0b:4c:50,VM
b4fd9b23-afff-419c-862a-507d009d9265,fa:16:3e:19:d4:5c,DHCP
5b6b8c9e-8c39-43d6-8331-d97d06c54230,fa:16:3e:3e:47:3c,VM
d10fdf23-4904-467c-bbb2-08ec0cd85961,fa:16:3e:8a:b7:5a,DHCP
ba5b6ed2-5141-43e3-8b2f-f5bddc87e7d6,fa:16:3e:f1:29:f3,VM
3cb7ee4c-4c05-4551-b1bd-1756e07ad16f,fa:16:3e:94:45:30,DHCP
df1bdab4-927a-49ca-8c83-5eb3deb61d7b,fa:16:3e:84:98:1c,VM
eb25b10b-0b40-4e3a-9447-e1ca91f869c8,fa:16:3e:c8:6c:b0,DHCP
163bc274-dc5a-4131-b10e-8bbf87d5a8ff,fa:16:3e:31:e6:71,VM
46fca1fc-cbef-4f43-8180-0c2c1ecda017,fa:16:3e:2f:8d:dc,DHCP
0b9f8560-9427-4acb-96b1-91db9c77f0dd,fa:16:3e:cf:b1:83,VM
08533def-69e4-40ac-9cf0-ae3cb69baed0,fa:16:3e:ad:60:a3,DHCP
6147799d-53ae-4f3a-b87d-2113e9cbb9d2,fa:16:3e:91:ae:5e,VM
80cd91c5-06d3-40cc-9825-18811630fcbd,fa:16:3e:19:c9:09,DHCP
1ae04aec-9cc9-4dab-8bf7-ebb2e3507204,fa:16:3e:d1:3e:c9,VM
13583149-1c02-4e77-85ea-894ebd0c419c,fa:16:3e:d6:2f:5d,DHCP
563d959f-1fdc-4807-9850-a766c25e0d7a,fa:16:3e:e0:5a:4f,VM
abb14fb0-cbbe-46a2-b47b-d6c17fe17d56,fa:16:3e:fc:be:b4,DHCP
61368a4e-0b35-46a5-b802-b920bcdbeb5b,fa:16:3e:85:86:02,VM
5fc21c22-120e-4ea9-9eef-94f9da15385e,fa:16:3e:a2:52:36,DHCP
a8aa908e-4950-4835-ad4b-24382c8edb87,fa:16:3e:b9:c7:3b,VM
f166646e-c503-4f2d-9dae-d48ef26c195c,fa:16:3e:b0:76:57,DHCP
5b002ffe-fb1c-4b79-a0a3-e7b34f2ab09b,fa:16:3e:2f:1e:2f,VM
ff199428-21c4-49ef-b60c-33d3aa1b134a,fa:16:3e:51:5a:4e,DHCP
e81e7e5d-da03-4243-831c-171abd28d09c,fa:16:3e:ff:d1:29,VM
09ae0d35-f2d2-4bae-8358-0f31f27ee98c,fa:16:3e:0e:12:9c,DHCP
0e9a4878-286b-4cd3-ac0b-bb54918e215a,fa:16:3e:4c:a3:79,VM
b99dec6c-c73c-4465-b3e8-560cc0677f5f,fa:16:3e:2e:c9:d4,DHCP
68cb13b8-a469-41e7-ad9e-086af51d0cb5,fa:16:3e:0c:d8:7e,VM
f990d223-90ab-4817-879f-97dba743e262,fa:16:3e:9e:53:50,DHCP
e3d5e304-0a9f-43b6-a19a-539cd72c1889,fa:16:3e:dd:ba:63,VM
b3794343-b911-4955-afd1-9998e659718e,fa:16:3e:6d:f4:ef,DHCP
2b031930-d39b-4b09-a0c0-3fad740e23d8,fa:16:3e:c6:60:b2,VM
96527b68-8a47-43fd-a35b-6ab69e093829,fa:16:3e:9e:54:56,DHCP
d8ecbd34-7720-415d-88ae-3e89f2cae4c4,fa:16:3e:5a:ed:a4,VM
2e875369-a220-4b8e-b8b0-2b1de62d09af,fa:16:3e:78:63:2d,DHCP
d8e9f74a-7094-4c81-b01c-2b1fd61c5cf7,fa:16:3e:15:06:e4,VM
bd524fb3-608d-40b9-a7a9-93a182605837,fa:16:3e:44:d8:c8,DHCP
5fcfa515-5667-49e9-a9f1-47301881bddd,fa:16:3e:75:5d:c8,VM
3c8d9399-2f70-48d5-9690-f5f828505be8,fa:16:3e:81:da:a2,DHCP
928d83fc-c288-4cc2-9055-5ad6d5ccb1f9,fa:16:3e:e1:66:a7,VM
8f672acc-3f08-4eaa-a345-261294725f12,fa:16:3e:cf:c4:33,DHCP
ba56e0f3-9b33-4adc-bc24-d5edc777cce6,fa:16:3e:88:84:ed,VM
aaaf692a-7d5b-47bf-a0c2-0c6a4819c8f3,fa:16:3e:d9:37:f1,DHCP
b56588c9-6771-422b-a839-f2804bf9036a,fa:16:3e:eb:88:77,VM
085f3b70-89a8-4a4a-9cd9-36837e1398da,fa:16:3e:cc:17:68,DHCP
8a8fb6ed-1ea8-4160-8078-d49235ffb14b,fa:16:3e:e5:f1:0e,VM
0a60d074-58f5-4c63-9414-67d9059c2e8c,fa:16:3e:93:a0:9e,DHCP
882f62be-5628-456a-87d2-41c0dc839e76,fa:16:3e:1b:cb:39,VM
205f8031-be8d-408f-9fdf-e8f058cd7295,fa:16:3e:fb:62:df,DHCP
5375d8a6-c6da-4ef0-b80f-92aba1cb9aa9,fa:16:3e:20:7d:ac,VM
db9cf5a8-379b-470b-b441-ee7e5bf2eb71,fa:16:3e:5c:8c:b3,DHCP
35acf817-e43e-4117-bc5d-083105a26f14,fa:16:3e:68:7c:08,VM
e5cd4cba-66c4-41d3-96d5-eeb4df305a5c,fa:16:3e:61:ce:b4,DHCP
4744623b-64b9-4cb5-86e6-67154f361500,fa:16:3e:8d:4a:86,VM
16295984-eef4-43c9-8412-8d4f354449ce,fa:16:3e:f4:a2:e2,DHCP
cfff10dd-32f1-4618-b213-6321af742906,fa:16:3e:cb:52:f7,VM
6ce6ed14-dd19-4ff4-b941-21d2547aa4e9,fa:16:3e:53:15:bb,DHCP
738b27f8-20da-4a20-8974-0c4fb9ffffd7,fa:16:3e:4f:d9:5c,VM
ee0528de-f838-450e-9b04-59e60ee49224,fa:16:3e:0a:f9:f5,DHCP
e23e1b5e-dfec-4f46-8c75-9f03995c74f2,fa:16:3e:6f:c0:78,VM
b087f8a0-ffc1-4604-ac58-4a011fcce594,fa:16:3e:84:3d:98,DHCP
6ef923c6-413d-4c8f-a28d-c5cd17bb46de,fa:16:3e:aa:d9:37,VM
64ef9456-49aa-4611-a577-98ac635dc7be,fa:16:3e:71:10:7a,DHCP
fda399d5-1092-47a1-886e-d1a0a65d3f2a,fa:16:3e:39:ab:ae,VM
bc9a9c24-beb9-42d2-9b1a-b6dd6593470e,fa:16:3e:05:d7:3e,DHCP
d15889c6-0051-4c1c-abf4-83f298d28c94,fa:16:3e:e1:d6:c0,VM
30a0dbb8-61d5-4893-8c5e-82b68d323321,fa:16:3e:1a:72:f8,DHCP
60a47faa-04ad-48ba-a522-abd7dd4bfb7b,fa:16:3e:e5:96:ba,VM
57b822dd-d14a-4f05-a50d-7ee5a5e3d167,fa:16:3e:71:63:13,DHCP
8948a189-4d8e-40c6-be33-f4a585a5a6b8,fa:16:3e:1e:a1:e5,VM
50bb39b6-f25e-4166-8c5c-faa348d541cf,fa:16:3e:ee:2e:91,DHCP
2f89f8d9-e5ef-4fe6-a993-5d001366e6dd,fa:16:3e:2e:79:b5,VM
17f5b1c8-1716-4d01-acad-95f869bbd17f,fa:16:3e:42:47:97,DHCP
ed9bc456-0366-47c4-a126-25288cd9f079,fa:16:3e:3a:35:c4,VM
e62131d5-f3ac-40d7-9539-3396ce54a850,fa:16:3e:1e:fd:bd,DHCP
ee42f223-2f98-442b-a785-5019a27d0cec,fa:16:3e:40:c4:0f,VM
f2f9243b-759e-4cf1-a73e-8ec029b5b934,fa:16:3e:b6:5d:89,DHCP
8b477899-b260-4e70-b14c-02d2df3a6b76,fa:16:3e:12:a1:6f,VM
fb699597-45fc-46ee-8c84-fdd106f55ae8,fa:16:3e:85:00:cd,DHCP
41e85b63-ee97-40a4-b32d-30d52d7167a7,fa:16:3e:25:35:28,VM
805c7c6b-5d41-409a-be08-795fbc520430,fa:16:3e:7f:65:d8,DHCP
a95cabef-27e7-4490-86bb-ee7692edc8a6,fa:16:3e:5c:3b:5f,VM
312fded8-6505-4506-88ee-a9f6184c992f,fa:16:3e:9d:66:3c,DHCP
62a10684-262b-4d30-9fa5-14cd2c8f1010,fa:16:3e:8b:1f:97,VM
5dec6248-99b8-40fe-b2e0-ad6c9fe5b8bf,fa:16:3e:c6:8e:51,DHCP
93913f8f-23e7-416b-9397-84135dc09e51,fa:16:3e:f9:a7:de,VM
e9508e05-091c-496a-ba25-fc24f6e92eb4,fa:16:3e:de:aa:66,DHCP
729cfae5-3ef0-409f-939e-4cca42cd1cb5,fa:16:3e:fb:a2:64,VM
f334a8bc-0406-473e-80e0-979db1e0c903,fa:16:3e:96:c4:5d,DHCP
2948444d-cabb-4063-a75a-e600ffedc31d,fa:16:3e:9b:1c:1d,VM
28a37464-6374-42ae-a5b1-58d104e023f5,fa:16:3e:a3:99:91,DHCP
e20ce445-6e32-4614-ae72-823af7e5c234,fa:16:3e:25:ec:83,VM
585faac7-dd58-41ed-aff4-df98dca6c605,fa:16:3e:0d:67:10,DHCP
ca4cd306-3aa5-45b4-96f0-07074f199b18,fa:16:3e:e1:ab:cb,VM
8156c197-fa5d-486c-a025-464b7e9797de,fa:16:3e:b2:ea:bc,DHCP
2c501490-f60c-4118-92e5-6abfdf126d64,fa:16:3e:4c:5b:74,VM
49314ff5-a423-43f0-8a0a-34d27bef271d,fa:16:3e:db:a9:4f,DHCP
116b7381-68af-4af9-84ff-bf14c51a0d49,fa:16:3e:67:ab:cb,VM
2e63e1d3-1334-46dd-b132-c939e162cdbb,fa:16:3e:10:58:8c,DHCP
69262f44-ed37-45bf-ad81-8adb55030abe,fa:16:3e:43:45:6a,VM
517c34b3-5d85-4312-ab96-8c2a827fe185,fa:16:3e:d5:08:95,DHCP
c6f80993-1774-4b6e-bacb-630aee25a379,fa:16:3e:53:dc:37,VM
b4f5fdfc-37c6-481c-981c-d27ebdcb0cd2,fa:16:3e:51:9b:ff,DHCP
edd1472b-8515-4e9a-ab37-2bd232005a7c,fa:16:3e:1f:98:2f,VM
4024d62f-b9b4-4ffd-a9d8-bd572a162845,fa:16:3e:f7:aa:40,DHCP
421c3c0d-388a-4d41-8f8e-58f944bd020d,fa:16:3e:78:62:d3,VM
8e17f9d0-b865-402f-9e0c-36dc03d2aa7c,fa:16:3e:af:f1:41,DHCP
a8d9951e-6ff4-44ab-abb9-c494ab24b9ec,fa:16:3e:0a:9e:0b,VM
2f97125b-f8ce-4714-89e3-5ddd46d08c29,fa:16:3e:f5:24:06,DHCP
73f102c0-7846-4856-aaf9-b85cfc2c5698,fa:16:3e:76:57:05,VM
a1342c72-33c0-4639-9799-ee9413c60166,fa:16:3e:d9:bf:c7,DHCP
b2fa473b-3112-4414-af6f-13c6207df5d9,fa:16:3e:73:90:58,VM
0f224731-9597-49a9-ad8c-712de4d15bfa,fa:16:3e:5d:07:54,DHCP
1edb9a6d-02f3-4726-8dbb-19bb278a8e5c,fa:16:3e:f6:8e:56,VM
82af1aa5-8d7a-47ef-9f4b-0fc1a22b19af,fa:16:3e:96:73:21,DHCP
0b757dc2-8309-48f2-8381-8e7635d3dd32,fa:16:3e:90:b9:d8,VM
680eaacf-e3c4-43b1-8a76-a7809ee7d013,fa:16:3e:4f:16:d7,DHCP
6d8157c6-556b-425f-bf2b-076e9afc986b,fa:16:3e:b1:ad:92,VM
954ac71a-43ad-41a5-9c67-af3a4476e57c,fa:16:3e:46:a4:c5,DHCP
c04b91aa-3f41-42dc-9160-a6ab56fc0df8,fa:16:3e:0a:90:7a,VM
e69a0e22-892f-468d-a338-0693d84b54ed,fa:16:3e:06:cc:f3,DHCP
cd09c23b-dab1-4a6a-abcd-c76eeb6e7ee8,fa:16:3e:25:dc:11,VM
3c795c09-1650-4efd-b7cb-f8d4a0ff9c3a,fa:16:3e:81:a5:e2,DHCP
b53647d5-5e2c-456e-99a3-eac41c95fc52,fa:16:3e:e8:d7:fa,VM
ec9b5e50-7951-4f9f-b722-4d42a670eab5,fa:16:3e:6a:9b:01,DHCP
35d85ac7-a3fe-42a3-b46e-bac1367e9f5a,fa:16:3e:a9:83:fa,VM
c56d7d54-4918-4e19-910b-354004812243,fa:16:3e:ec:66:02,DHCP
71b7d3f3-0d3f-45cf-a314-2363c459c7d2,fa:16:3e:b8:e4:df,VM
6196ea27-bde0-47ff-92fa-e10159bd75a7,fa:16:3e:0c:03:33,DHCP
380d5465-ebf2-4952-a666-82ab39b16f72,fa:16:3e:2a:6e:a3,VM
dccd9786-d62c-42ac-8455-78237e9758a5,fa:16:3e:62:6b:bf,DHCP
b9fc5a9b-3e6e-4a96-a764-46c502c3c00e,fa:16:3e:cc:74:eb,VM
3c5c64ec-1e75-4273-9c1c-0b744cc07556,fa:16:3e:44:b6:7b,DHCP
fa834869-f896-4d88-b590-7e990e47232f,fa:16:3e:aa:ea:9b,VM
5cc4ecf6-2bd2-402d-a0b2-e2779c9e1e1e,fa:16:3e:11:b3:20,DHCP
70d2b584-f1bf-4733-9036-3f6348d0f66e,fa:16:3e:25:32:61,VM
e7481073-07cb-436b-8688-4dce276d58f6,fa:16:3e:44:a3:67,DHCP
a38dc836-04f7-43d0-8ab6-4d63c03407cb,fa:16:3e:65:ac:aa,VM
290da001-6b5e-4334-be51-f4f61fa2c979,fa:16:3e:b3:b5:b5,DHCP
ffaf4c7a-6b50-49ef-8796-b7c2ef69eaf3,fa:16:3e:80:06:43,VM
4159f732-b780-40c3-9ba9-6a4f0f17396d,fa:16:3e:67:22:5c,DHCP
14a653ee-d97a-4e4b-a48f-1130397754ca,fa:16:3e:65:9a:cc,VM
0bd5b3fd-1291-4042-b423-466e697e8fad,fa:16:3e:5a:8d:93,DHCP
4d592d35-e56b-4bc2-a87d-448762325dd0,fa:16:3e:89:2a:13,VM
0b6559e3-d748-40bd-b713-58c2c018527b,fa:16:3e:a5:70:86,DHCP
47f111fe-e25c-4df0-8c6b-8c882aebe41f,fa:16:3e:9f:53:79,VM
965e891d-2b31-4331-a1df-21c5118c580d,fa:16:3e:ba:5d:66,DHCP
248284b7-fcf7-4799-92e0-a266d1362dd0,fa:16:3e:83:c1:58,VM
66d06a4d-e0f2-4d84-88e8-c1e5d592bb30,fa:16:3e:31:b7:68,DHCP
3e588e12-0e99-43ca-a1be-dcc1e894f06d,fa:16:3e:6a:dd:27,VM
e4f4418f-9c26-4e02-8a88-b681f3970674,fa:16:3e:53:05:64,DHCP
06463c3b-9fe9-4314-bf64-3922fabf8625,fa:16:3e:d0:7e:04,VM
1811a523-ae84-47f1-b61f-24d005c1bf95,fa:16:3e:73:0d:df,DHCP
f50ddc70-4268-4e9c-b4c2-93a306aa575a,fa:16:3e:bd:46:9d,VM
194e58b1-9719-402b-98ea-829eacc24fd6,fa:16:3e:ad:bb:19,DHCP
562a9b25-c1cc-40d7-9b9c-a14397cdaca8,fa:16:3e:51:b9:51,VM
186228ac-1854-4428-b1aa-771fe46d7000,fa:16:3e:20:be:36,DHCP
4c247521-a99a-47f2-9dc2-ed2b12687762,fa:16:3e:90:19:cc,VM
8d5e788b-25b3-469c-9775-1a7e3c7a49a1,fa:16:3e:e7:71:7f,DHCP
fae953d9-cd04-48bb-8152-5bcb4a6e37a6,fa:16:3e:dc:ce:ee,VM
e7d5f31b-5b2b-451a-b263-bb6b5065da40,fa:16:3e:c2:0b:8a,DHCP
1e6a25fd-1fa5-43e8-a8cc-71203f6b596f,fa:16:3e:ff:34:43,VM
66729b9e-eced-43b2-9410-28b4a0ed450f,fa:16:3e:8a:5e:a6,DHCP
0028b76f-f9c3-4997-ab5f-11b49d0556a2,fa:16:3e:d4:d6:8e,VM
15cdf173-8756-4476-94d4-bc39a9ef3ec4,fa:16:3e:93:b6:51,DHCP
6707670d-6e51-4154-8a19-f9cfa7f38104,fa:16:3e:89:15:0a,VM
bd5f52db-361b-48f8-954a-b33f5053bab9,fa:16:3e:3f:f7:84,DHCP
2b32e1ed-bf7b-4e15-9d5e-eb5e2e2b9831,fa:16:3e:c5:ca:2a,VM
1edb9376-6f10-45d9-967e-facb335b709e,fa:16:3e:2c:eb:43,DHCP
37d25bc7-7ffb-415e-8ae2-1634f9812a32,fa:16:3e:57:66:a7,VM
6a77f74c-9abe-4b11-883c-13291e083333,fa:16:3e:ab:44:5f,DHCP
b3d52d3f-3438-4acf-8d3d-d77162ece5c2,fa:16:3e:e8:d5:9b,VM
e1ef57df-65a2-4f80-a17e-01d13f0e335f,fa:16:3e:30:66:ad,DHCP
823b665e-dcd9-40b4-adc6-3ace3c56aef0,fa:16:3e:5f:71:b7,VM
1e62a5b9-b392-461a-8f3d-0bcb79ee3d2d,fa:16:3e:a0:f0:db,DHCP
088bb3b0-baa8-4e40-9081-116f4a8b61d6,fa:16:3e:6e:1d:86,VM
5c494d6f-0572-4599-b718-1c48e1f98150,fa:16:3e:e5:a5:ab,DHCP
57f1b0fa-6210-43e5-a4a6-bde9dc1982ae,fa:16:3e:6b:c7:cd,VM
6b0f78e6-9f62-407b-8356-757c82bd661a,fa:16:3e:75:8f:16,DHCP
0a0a89c6-ee5e-45d3-9432-054d9c53c375,fa:16:3e:a0:ce:6d,VM
3b6220b9-cfa8-4d02-9896-e2d6d3560bf1,fa:16:3e:81:31:88,DHCP
668bbf71-f86c-4eaf-b783-7634694bfc9e,fa:16:3e:c1:31:9b,VM
96ad3e19-c154-48e3-820d-fdbb4d2ea02b,fa:16:3e:8c:46:84,DHCP
210c6164-399c-41c7-b4b1-d7969c29fa50,fa:16:3e:e2:a6:86,VM
bda38677-ff45-4705-827f-1153349ca980,fa:16:3e:5a:95:8a,DHCP
5b151983-6350-40d3-9216-b4819549723f,fa:16:3e:65:b3:d1,VM
89665e0b-24ab-4abf-ade1-c1a6efc41443,fa:16:3e:33:c3:a3,DHCP
106608b3-792a-45fd-a59d-930e68610329,fa:16:3e:cc:5a:69,VM
625580de-5743-432f-b43e-cfd515c0c6a5,fa:16:3e:81:46:2d,DHCP
9aef686c-9e9e-4406-a484-2793697f573e,fa:16:3e:49:21:1c,VM
949bf277-fc54-4f4e-8de6-fc8f51d73146,fa:16:3e:7a:f0:55,DHCP
a52daeac-2816-425e-8b8c-6ca32eddfaea,fa:16:3e:6a:e7:d2,VM
28e6f383-55dd-446b-a2ec-9e5914571b45,fa:16:3e:f3:8a:fb,DHCP
e6215a1d-dad5-4be4-9305-f2f0c380d7d8,fa:16:3e:34:7f:e4,VM
19cd6b61-19ef-43a9-b79f-d3ba6c1b2619,fa:16:3e:59:18:6c,DHCP
ab83b255-c81e-4763-94d8-4311ed197741,fa:16:3e:70:68:1d,VM
bfddc8c9-d77e-40f0-8583-fdc6074ae189,fa:16:3e:8e:db:82,DHCP
d06c736b-40d6-4a06-8425-11cd3fdb133d,fa:16:3e:ad:cf:10,VM
c1ba5b30-fd4c-428f-bf9b-dbcc193dc3a4,fa:16:3e:66:04:0e,DHCP
01d47043-e120-48a5-8145-d12b3edf463f,fa:16:3e:c9:72:27,VM
2db713fe-d823-40d2-8668-4394be80b7ca,fa:16:3e:c0:5b:04,DHCP
33c416de-a976-455d-8f07-fcb20acd2dfd,fa:16:3e:54:e7:f7,VM
0265b853-dacf-46df-96d5-75eff8fed94c,fa:16:3e:86:89:e5,DHCP
a70c687a-89e0-4fe0-9ce1-ddd34a772cab,fa:16:3e:6a:28:39,VM
3f41f972-4a38-48c5-873e-e916eb130af6,fa:16:3e:1e:23:ee,DHCP
d40a4998-f557-4a4e-b36a-7b3c70986081,fa:16:3e:58:f6:1e,VM
e9a80fb9-b19d-4339-b551-315bbeec2178,fa:16:3e:cc:04:fc,DHCP
173c5474-831f-4546-abe0-7a6f5115e0a8,fa:16:3e:b8:7f:60,VM
bb73efb2-b585-4111-8143-01d21e47dc1b,fa:16:3e:25:8f:9b,DHCP
4a84d20c-e15d-4232-9baf-29f20bddc99b,fa:16:3e:4f:dc:18,VM
b1b09b98-23bd-4ab6-97b4-8fd5c1dc4bc0,fa:16:3e:dc:f9:b9,DHCP
b93245ef-1f0d-44a0-853a-bb5c5cb97c3d,fa:16:3e:3b:aa:c8,VM
81010b33-feab-4ed2-8e54-7606a8813725,fa:16:3e:78:10:93,DHCP
2b73c6bf-1b70-4e60-94b4-22ff41dad9ec,fa:16:3e:ef:8a:47,VM
bb571287-8751-456c-9259-4e94d238dffb,fa:16:3e:0a:c7:5d,DHCP
c8e4ec16-eba6-4f41-ac81-76b1a4a057d4,fa:16:3e:b2:e2:27,VM
704d09fe-862e-41ac-bce2-5f028f397baf,fa:16:3e:f5:36:24,DHCP
e2497d57-395b-4028-878a-0c7836b51256,fa:16:3e:ac:70:03,VM
635aedb0-8805-4e6a-a79f-6aa0e4296572,fa:16:3e:52:5e:db,DHCP
8407c5b2-7fa1-4916-a86c-d0058a2d64ba,fa:16:3e:95:3b:36,VM
fce07858-0a45-4892-8b1d-fabca06b11e8,fa:16:3e:a9:f5:fa,DHCP
c8c260a7-3a59-459f-ae31-db3dac0aca43,fa:16:3e:99:ee:a7,VM
d95e67e3-bbd7-43e7-8c2f-79d6fb260344,fa:16:3e:93:73:ca,DHCP
7e9401dc-f537-4273-8184-c9bac42767ad,fa:16:3e:12:1c:f3,VM
7125e9f0-bb02-42cf-a785-d907cbb042ea,fa:16:3e:84:b7:cd,DHCP
5c85f66e-88b9-4251-a497-33a80d6e4dcb,fa:16:3e:d0:7e:66,VM
9b7dc3dc-1fb9-4e9e-9c41-c842956a5b2f,fa:16:3e:d8:bc:c0,DHCP
5648f4c4-f2cc-45be-a3c7-93e9678fee5c,fa:16:3e:fe:3f:f3,VM
33381e25-8f2a-4f82-a695-7c9942c14d9a,fa:16:3e:25:83:2e,DHCP
84b017d3-af06-46b0-8450-93c514c24ced,fa:16:3e:2c:69:a4,VM
1446f568-9aa8-4939-a9eb-037488b4909b,fa:16:3e:9d:28:72,DHCP
039aa80e-f4ba-49cb-afb8-11278bdb0889,fa:16:3e:7c:29:2a,VM
7fd5e37b-e371-4857-8ef0-b1195d871143,fa:16:3e:98:85:83,DHCP
b348f85f-d4b8-4767-a13e-9bbc5a72fc22,fa:16:3e:1b:02:1d,VM
4db694d1-a65a-43a8-a488-880fb7f65d6f,fa:16:3e:59:77:61,DHCP
ef48175b-f73f-417e-b45f-8041064442df,fa:16:3e:ed:eb:e5,VM
07c8760d-1d0d-4e2c-a26b-321bc60c1636,fa:16:3e:13:08:2b,DHCP
e7a1d2fd-e645-40d6-805f-0b3ef4f0d474,fa:16:3e:7c:c6:3e,VM
28bfa88a-781c-4a88-a56f-cf5223dea996,fa:16:3e:22:87:40,DHCP
d6fd0948-2e4c-4b0e-ab3c-62dcf5b0a284,fa:16:3e:e9:93:b1,VM
00b31400-697b-4648-aae3-d320097b6182,fa:16:3e:85:99:04,DHCP
4f3349e7-34c9-4cd8-bc44-f668dc8bbdbb,fa:16:3e:99:84:46,VM
a70c9663-0d34-4811-88fc-b6c580d9820e,fa:16:3e:32:5b:64,DHCP
13125ece-ba49-4289-a069-c373fc0caf62,fa:16:3e:6a:f1:0c,VM
ac28f80d-80e1-488d-930b-e8ad8e5e7e28,fa:16:3e:88:93:79,DHCP
01682658-e7bf-40ce-9c9e-05b19add0e43,fa:16:3e:5f:91:77,VM
f636d6d1-0695-4b7b-bc7b-80c2e34b5c8e,fa:16:3e:53:a0:f5,DHCP
d51584d8-1913-483c-8e5a-fe09b27f0ead,fa:16:3e:4d:00:cb,VM
99383afb-b625-4572-8169-a93b4f6ad0c4,fa:16:3e:02:16:86,DHCP
07004ba2-8114-44a6-a85d-ca50cd5d1162,fa:16:3e:a0:3a:94,VM
78a9c2ed-eead-44d9-aa87-91b53a1f4ba3,fa:16:3e:c6:c0:b8,DHCP
7cbee7ce-692d-409b-b4e1-c8f2bcea3903,fa:16:3e:35:f9:8b,VM
25538fa0-d84a-401e-8772-b327067f6908,fa:16:3e:dc:fa:58,DHCP
da173e7c-a3c3-45ac-a7f6-dca18719f854,fa:16:3e:9c:a8:2f,VM
d962d579-37f6-4491-9cfe-6eac7738ebb1,fa:16:3e:f5:ea:16,DHCP
bc89e389-72e2-4f54-9913-bcae2868567c,fa:16:3e:8a:ff:68,VM
a288febc-f3dc-4b2b-9cc5-58ed6931e4f6,fa:16:3e:99:41:db,DHCP
f1aa39e1-5036-472e-a031-32afeda54fdc,fa:16:3e:25:40:13,VM
00b5ff92-2f7d-4941-8f3c-0f72c3267e15,fa:16:3e:6f:73:29,DHCP
eb99c9ea-c72d-4135-bdc3-80bcce146d4c,fa:16:3e:52:f7:69,VM
39ebf64f-7e74-40b2-b3d2-3de2a2f698eb,fa:16:3e:03:49:9c,DHCP
a8c347d0-80b7-4301-aa5d-d22a8f3ede05,fa:16:3e:ff:2e:e4,VM
d239be5b-1269-4c99-8a77-bdf56a3a9012,fa:16:3e:69:1b:8d,DHCP
d5267153-7f28-440a-a8ce-bb128d65f952,fa:16:3e:fd:b2:be,VM
d4202c0d-68fb-44eb-9154-5990d04724f3,fa:16:3e:58:04:d4,DHCP
0d2af438-e857-4e48-80fd-aa9c265d4db3,fa:16:3e:3f:a0:54,VM
46b7da88-6458-4083-afe2-8948fb2d3a45,fa:16:3e:04:07:18,DHCP
8e8f7484-278f-4f2c-bb3b-553a91f6e91b,fa:16:3e:77:ba:57,VM
03b23044-97a8-4738-a16c-751417e3371f,fa:16:3e:1b:3e:71,DHCP
f181d86f-bbca-4a44-af46-493862d11ecd,fa:16:3e:81:03:22,VM
189a5fe7-c032-4a7d-a607-5497ab50ddfe,fa:16:3e:e0:24:09,DHCP
58c4025f-70d3-4f39-a16c-2e00f20d38ea,fa:16:3e:79:29:03,VM
53b63049-530a-4384-baf7-f6c263f7ab14,fa:16:3e:09:77:fc,DHCP
b6230ad9-6ecd-4579-9569-349429912329,fa:16:3e:db:d3:e9,VM
939b2e71-5ded-4780-8ffe-8dfac719c628,fa:16:3e:ad:a2:37,DHCP
659adb59-4b8e-4cdf-b442-e730a7e4b715,fa:16:3e:07:69:2d,VM
49503750-357c-4dff-a8af-0dda02737522,fa:16:3e:c5:4f:22,DHCP
e03156aa-5832-4e52-b0e1-596c19dc46b0,fa:16:3e:76:73:46,VM
f4c804c3-04d2-4bc9-85da-7199fab2e2ea,fa:16:3e:01:c9:47,DHCP
b7ee0c5c-e61f-4c58-934c-c38043501eba,fa:16:3e:3a:a3:2e,VM
25043d71-4174-435e-a734-3250829b63dc,fa:16:3e:71:b9:be,DHCP
4fea34fa-c017-4825-a482-809e3031c545,fa:16:3e:fd:77:54,VM
64237e6f-b97d-48d2-87e9-34f4ba99af29,fa:16:3e:9d:2a:5c,DHCP
4170f1ae-d6ad-47d5-b13d-103d31d17066,fa:16:3e:25:9b:a5,VM
18dbff3d-5476-4982-ae62-e677c20b4eff,fa:16:3e:aa:87:d9,DHCP
be284d7b-0d15-4a54-904b-3c4cc51b93ce,fa:16:3e:b1:cb:87,VM
c0831374-e73b-4867-ab5b-620997229bd5,fa:16:3e:34:08:86,DHCP
1cc16490-3395-454b-bcec-be561face40b,fa:16:3e:a7:d4:10,VM
6439ef38-565c-4eca-aff6-9c9d3da53738,fa:16:3e:a1:01:e4,DHCP
f66cccd0-b7c9-4067-a193-cbe7628cbe4d,fa:16:3e:1d:fb:a3,VM
aa339ee1-9900-472f-a61f-908c19f2208c,fa:16:3e:fa:f7:bc,DHCP
e6499e18-3a69-4b04-a4aa-531f9d2b41b1,fa:16:3e:fd:6f:44,VM
ed197ca2-3f79-4a39-95b8-326aadd3c05d,fa:16:3e:d9:0b:c1,DHCP
e24574f9-868c-43ed-8565-69c93fb0a014,fa:16:3e:13:a6:e2,VM
1fe69c99-eb92-4d59-87f9-a1abe74d4c40,fa:16:3e:43:4a:22,DHCP
36b00545-fd5e-453c-9ec4-89dc50d67260,fa:16:3e:c2:af:29,VM
9d0afd5f-7604-4496-b1fb-87c01087a46f,fa:16:3e:3a:05:6c,DHCP
3956d51f-854e-44e5-ba11-b23c63d73e4f,fa:16:3e:1c:2b:05,VM
acd2fae6-2150-4390-b351-20f59153bb19,fa:16:3e:95:d2:5f,DHCP
71c84dd1-8d1a-4c59-b8aa-9bde2852e4f8,fa:16:3e:b5:d2:55,VM
303441e0-5a27-4036-b4fd-0f1dba2ad92a,fa:16:3e:22:f6:89,DHCP
29127d14-0761-4cc9-8899-0b208f8e417f,fa:16:3e:0e:cc:21,VM
89b501fe-f1e2-49c9-9f71-7d50b6b2f3a7,fa:16:3e:45:30:7c,DHCP
20a80684-9cf2-480f-89ee-a47647053392,fa:16:3e:71:d3:35,VM
36ebf23e-775b-4959-942b-684f2e29ce3e,fa:16:3e:a7:07:81,DHCP
3a9d722a-0ccf-49b5-8e64-b0740b8ffbb8,fa:16:3e:48:3f:97,VM
0ceab626-4da5-455f-9501-2d9c028e1c5b,fa:16:3e:a7:d3:14,DHCP
50669d2b-1fd2-4e04-9493-c2b59c446cf0,fa:16:3e:81:2d:fc,VM
d9336417-4e88-4d26-abb6-3578ff648e2e,fa:16:3e:f6:4d:d0,DHCP
3c10c4d3-2b23-48d1-80e9-31e6fd7bd204,fa:16:3e:72:28:e4,VM
f6e05d54-5d8b-404e-a471-1d81b3680490,fa:16:3e:af:ab:88,DHCP
faf7f618-d889-4aa6-b9a1-76685ce8c995,fa:16:3e:c0:d8:a1,VM
6d4624b5-063b-4539-9ff4-a6c20d0f2a5c,fa:16:3e:f5:d5:53,DHCP
fb7d85cb-5375-4efb-af7f-5776230b3cc0,fa:16:3e:c1:af:f8,VM
2dee5fb1-8772-4f24-bcc1-dc610214059b,fa:16:3e:a9:64:b5,DHCP
69f9b89b-df33-4bde-8aeb-d3daf45ca98b,fa:16:3e:dd:19:37,VM
d5ed3683-cb2b-4f74-9d94-b66122337b0c,fa:16:3e:eb:1a:b8,DHCP
a6fa8fc0-e93f-4973-89c2-dfa9ea13d9cb,fa:16:3e:d1:c8:c0,VM
21dd751d-fb21-4d42-9b06-11ce3c3c703f,fa:16:3e:66:d6:5e,DHCP
7f585869-cb57-4864-8989-64d3c2ce3bc0,fa:16:3e:ae:a6:0a,VM
072bedaa-bf51-4152-85e0-97946786ab92,fa:16:3e:48:81:fd,DHCP
b252a4ff-f7a2-4247-a442-29a1c3d91a94,fa:16:3e:53:3a:63,VM
c6c41146-0361-47e0-bc22-30a2975030ed,fa:16:3e:44:c7:87,DHCP
02f933ed-b9e7-4a84-ba27-4ee61f4c7bf9,fa:16:3e:a4:23:eb,VM
4b7af82d-6399-4b44-9052-489d2c534425,fa:16:3e:0e:8d:cf,DHCP
a8e99fb2-3621-42f5-8ecc-9cd19187254b,fa:16:3e:80:2e:7f,VM
49b1150d-48cc-4d6b-a216-babef6fcb857,fa:16:3e:19:d0:60,DHCP
4daa442d-0d04-461c-a767-c06188fecbef,fa:16:3e:5c:cd:a6,VM
2febc533-4a5f-466c-8b76-5d7b6be197f6,fa:16:3e:0e:48:b7,DHCP
d1fc583b-1ed3-40bb-a18a-131a163d954f,fa:16:3e:6d:21:d5,VM
16c35b1d-f7e8-4787-8eba-b0ff2def8a0e,fa:16:3e:a9:38:b6,DHCP
1f861894-96db-4305-b380-3be6c994f12e,fa:16:3e:d7:ba:63,VM
3e0a3bfa-93c2-4c1b-b245-06487eafdb44,fa:16:3e:b8:ff:e1,DHCP
7ab813f2-d4bc-46a2-830a-da5b912c42d7,fa:16:3e:4a:51:6b,VM
3d0cf21a-bf92-427d-938b-c108f7bf793b,fa:16:3e:36:ff:64,DHCP
3f7cb3af-47d9-4fb4-9663-f121c2dbfc60,fa:16:3e:a9:78:4b,VM
1b9eda66-25f1-4733-8519-7dcf1163aacb,fa:16:3e:4a:d3:81,DHCP
60baa460-ea9c-40ca-ab74-44e3355298bc,fa:16:3e:5a:60:2f,VM
e4b68906-2f0d-418e-908a-e96dbdb27334,fa:16:3e:f9:d5:b7,DHCP
d65c45d0-2cd8-4a23-b082-6dce26bccc43,fa:16:3e:07:fb:9a,VM
ceb12a60-118d-4d96-8345-db73e52621c3,fa:16:3e:0d:d8:16,DHCP
e6b2ee65-b8f9-4516-a620-9711f02f02de,fa:16:3e:f3:8b:6b,VM
2eeb9e35-b8e0-4088-bd43-fc326a87e5d0,fa:16:3e:78:5d:85,DHCP
2dcb5d08-a3c1-4757-9fff-4470c013dfe6,fa:16:3e:24:0e:24,VM
06783db5-816c-4397-92a7-281e8db20d88,fa:16:3e:40:54:7c,DHCP
13c682a5-6dea-46e5-a277-92c1faed9d40,fa:16:3e:34:8e:94,VM
4b7e979f-b85a-490f-ba1e-5e348f7d9163,fa:16:3e:b5:d0:84,DHCP
3b1f01ab-a3ec-43e2-8346-57e5e1cc0aef,fa:16:3e:be:60:00,VM
f9d24ee3-5be6-42a6-b8c1-13cbdcef2649,fa:16:3e:27:e8:94,DHCP
901a0752-08fa-43fd-9cf2-6c49b2ebcb03,fa:16:3e:b5:16:b2,VM
3084755d-6a80-4b51-90aa-48b787f53cdc,fa:16:3e:c8:a4:c1,DHCP
b60493ad-5ab2-408c-9848-1fefd67eea0b,fa:16:3e:54:5d:3d,VM
8ba1af0d-ce01-41b8-97cb-5eb555cdd7ac,fa:16:3e:05:8a:0c,DHCP
2e8c777e-c934-4f88-a450-e2f831ebf078,fa:16:3e:08:43:7e,VM
bdd3992a-4480-4865-86c1-9c8852acb2d6,fa:16:3e:97:1d:83,DHCP
c3c5d5df-9777-4727-941a-e7967645f64a,fa:16:3e:04:0d:6e,VM
2b4cb2b3-e77c-4ea3-b435-33331a26c534,fa:16:3e:20:f2:4d,DHCP
fe890a0d-e7c1-4047-919e-6dd88b93e870,fa:16:3e:2e:ef:e7,VM
b4271501-669b-4a30-b136-6221b86217ba,fa:16:3e:7a:a1:9b,DHCP
6eb635c7-5898-420a-91e1-f0380acf2e6b,fa:16:3e:94:ca:c1,VM
0224d553-af85-411f-a0c3-6e22a9d8a3e4,fa:16:3e:06:31:fe,DHCP
fbc7e8ce-71c8-4241-ab00-829b91edcde3,fa:16:3e:d3:2b:bc,VM
161dd2ee-767c-43e2-8f79-6940888fc1ee,fa:16:3e:75:71:c4,DHCP
171de71d-da48-4df6-aa01-ef216984def4,fa:16:3e:73:be:61,VM
af6a05bc-b22d-441b-9b34-15a96d90a9cc,fa:16:3e:bf:c9:3a,DHCP
e65cf871-943b-4c75-9da4-190a76fe2da6,fa:16:3e:1c:88:55,VM
f12de796-840b-4028-8bbd-75a8214cf8e8,fa:16:3e:b3:28:24,DHCP
36d8ba50-d84b-445d-8898-7e915157fa0d,fa:16:3e:62:05:5f,VM
99678e78-95f1-41cc-b5b7-41af22fd8262,fa:16:3e:45:1b:13,DHCP
ca06a0e9-31bf-446d-b791-246b0d30f21e,fa:16:3e:60:11:c7,VM
91af3c8b-9370-4215-b81d-6c55c4bf4882,fa:16:3e:a6:f1:2b,DHCP
8db2bf92-d060-4d2c-ab57-30cc0afea291,fa:16:3e:fd:7c:e8,VM
cab2839f-da38-44e9-9d17-dc9951a135f6,fa:16:3e:df:f8:d8,DHCP
59805795-dbab-4d46-8e78-52470f5c2f0c,fa:16:3e:c9:b2:fb,VM
5fcf0da6-56fc-41ba-bf9d-bb6980518a5e,fa:16:3e:7e:e0:52,DHCP
dee1b399-fa68-447c-b720-4015ae71d579,fa:16:3e:c7:b7:09,VM
7c168043-e15f-4f34-9b40-0b1153aa1a6e,fa:16:3e:c1:b4:cc,DHCP
33872856-1e11-4bda-87f3-e98a9cf8658c,fa:16:3e:06:bd:7c,VM
77b82f27-d3ad-42c2-8b12-61c28895e8af,fa:16:3e:7d:ca:b6,DHCP
e349e62e-e57f-441c-84b3-085a06cfbea5,fa:16:3e:ad:f9:09,VM
2e9c3a2b-d186-46b3-8a3e-ac61843c383c,fa:16:3e:0a:6d:30,DHCP
d8dd90f8-1a33-48b6-9f59-d3d39450f8b0,fa:16:3e:34:a9:11,VM
4a685caf-a134-4213-a772-c59ad2eb5701,fa:16:3e:47:db:30,DHCP
208aeee9-f541-4ca7-9528-ffe0e26dd14a,fa:16:3e:60:3d:56,VM
11a8bc9e-9561-4683-a037-f355afad8cf4,fa:16:3e:ea:a4:f2,DHCP
fc13558e-a1af-4abf-94af-f24e372fc93f,fa:16:3e:3f:62:0d,VM
3cfdc588-8032-49e9-b8e0-50e89e906e1c,fa:16:3e:77:51:70,DHCP
47558597-9ca3-4f61-bdc4-2f9bf8377595,fa:16:3e:a9:48:67,VM
6b4c1483-338a-4391-891e-294d00c54ee9,fa:16:3e:ba:87:60,DHCP
71e6c8b7-308a-40f6-bcbe-45854b94664f,fa:16:3e:ee:f4:31,VM
e1402664-ca48-4fc3-85d9-878a930b66d0,fa:16:3e:98:39:a2,DHCP
57e42b99-ab78-4d32-940d-4bca93d57a09,fa:16:3e:63:47:7b,VM
93ee2bae-1e9b-49a8-a225-34562e40353c,fa:16:3e:ef:85:d2,DHCP
94cf3f6b-5a27-4deb-b51d-76cc4cd419ac,fa:16:3e:4a:d2:77,VM
6d0f50db-4cb1-45e5-a915-d63da9a5ef12,fa:16:3e:72:c0:92,DHCP
15327709-f71f-42fb-80e7-1c30f506ebc6,fa:16:3e:ce:16:8a,VM
ab65d8f8-e6b4-4b21-9620-ed8239bf11fe,fa:16:3e:78:90:62,DHCP
be69ce34-3bc4-4487-8ced-6380db164e82,fa:16:3e:7b:38:19,VM
25d69ab9-9031-4a50-87e9-b9bd7df5fb40,fa:16:3e:0f:8d:08,DHCP
1c062da7-7508-4573-8b07-17d8d6074cb4,fa:16:3e:81:c1:ed,VM
d3a4a99e-12e7-4c02-b4a7-a9686b80b5c8,fa:16:3e:38:82:96,DHCP
bddee827-6ee5-4cda-b9f0-fff61f6dbbea,fa:16:3e:df:35:92,VM
e712d0eb-e39f-40b9-aef5-f3c26965ddca,fa:16:3e:b3:66:9b,DHCP
6306db0e-d59b-4782-bf87-2de70b6242a9,fa:16:3e:cb:91:b6,VM
8ceea95d-3699-44bc-9189-d9c2b855e8af,fa:16:3e:82:c3:7d,DHCP
33919cb3-ee2b-49eb-a07a-213c6baf8f26,fa:16:3e:0f:03:00,VM
ce4f4da7-75a7-4a45-8a08-199cf4495489,fa:16:3e:13:67:d4,DHCP
765b1113-e2a2-4d9d-be43-64a949257d1a,fa:16:3e:2e:bf:d1,VM
68036c5a-e376-453d-a31d-9b1cbe21059b,fa:16:3e:7a:1c:96,DHCP
6d537222-3d58-415b-927a-6103973bea1c,fa:16:3e:bb:a2:5d,VM
59ce2ea3-c972-469a-af5b-3a75b80ecb80,fa:16:3e:3e:16:65,DHCP
252c5d03-9182-4c1c-aa3e-2c658170d45f,fa:16:3e:d3:40:3c,VM
0b4e29aa-2c50-440d-81d8-f851945315e3,fa:16:3e:9b:b1:33,DHCP
557fbd05-f8a2-46c5-95a0-23bc044ffd56,fa:16:3e:34:8d:31,VM
58505d2e-22e1-4e70-9e05-5d46f96f98d5,fa:16:3e:2c:9d:7d,DHCP
71ed264f-7e41-4f5f-bc2b-443501d6ed98,fa:16:3e:e0:4e:1b,VM
751af61c-b30c-466a-9b0f-a1f92bec5f94,fa:16:3e:31:31:59,DHCP
d2ec3d4f-8bc7-4c36-8488-b69598e53eb8,fa:16:3e:95:00:18,VM
0404abed-c09a-4b22-a535-571e20681bd3,fa:16:3e:3f:1d:4e,DHCP
f371afe5-b8af-4bdb-8a89-e42992b8aa93,fa:16:3e:60:21:52,VM
68c97139-2a0e-454b-8bba-8bd6af30cc30,fa:16:3e:98:c5:20,DHCP
73b1e1ab-0a80-42f9-9fd6-c821714c640e,fa:16:3e:18:ae:26,VM
fb68e745-dc21-4094-8061-50e5318e6260,fa:16:3e:4e:5f:09,DHCP
5d07a2e8-e08b-4b20-9461-3e5f5d194b50,fa:16:3e:27:9e:ea,VM
57d73c8f-0a4d-443a-9962-0800e6c9e298,fa:16:3e:b5:7e:96,DHCP
14bc54fc-86b8-439a-aa5c-034354b032e2,fa:16:3e:7b:38:e3,VM
06d98a35-fa0e-4f0a-942d-279f1292f635,fa:16:3e:46:56:0c,DHCP
d55d0bb4-b566-4f56-9390-25814a804876,fa:16:3e:46:16:33,VM
89feb706-8e2c-4202-b4ff-462f587ce488,fa:16:3e:69:0f:d6,DHCP
689f2e8a-ed74-4bf6-960a-e18052d8e83a,fa:16:3e:d0:5b:06,VM
90f90135-31de-451d-964c-ea843dec621e,fa:16:3e:cd:0e:4c,DHCP
77c3da52-d976-4d5f-bfd6-0f6bf60e691b,fa:16:3e:fc:56:da,VM
8fc899c4-c137-4065-b71b-e0d430b91be3,fa:16:3e:72:1c:f9,DHCP
edaa1672-084d-4a66-bda9-213dfd51ce88,fa:16:3e:f4:cb:a1,VM
8fe845ca-44ae-437b-9dfb-d6901c0b6786,fa:16:3e:e6:3a:29,DHCP
1ae6a85f-faf3-4ec5-9e5d-c5e69bbcf019,fa:16:3e:85:a8:0a,VM
b2f1ce66-8337-4c6b-95e4-211bbb6fe97a,fa:16:3e:12:be:f7,DHCP
f05445c9-e5d6-4acb-a6e3-81cc3c17cd5e,fa:16:3e:d9:f6:bb,VM
582fa9bf-4c54-4bf2-9cdb-5bfbf87f295b,fa:16:3e:ab:d4:2d,DHCP
54a8db57-a073-4168-8086-95095e5268b7,fa:16:3e:a7:2a:b8,VM
428ef891-4c88-4f45-848f-ddbca76e1189,fa:16:3e:19:5f:ff,DHCP
1c13e1c2-d4f3-4766-8abd-db845188d479,fa:16:3e:fa:15:51,VM
32b5c20e-ed6a-42c6-bd28-7ca6f5e2c285,fa:16:3e:98:ae:71,DHCP
dfad92c8-0f91-4cd3-a39f-4b08d750b12e,fa:16:3e:1d:40:e0,VM
73cec7d9-16bd-4e54-94de-5994031f387d,fa:16:3e:bb:72:4b,DHCP
f5016b6a-9f42-4daa-91ce-09c42e0d7c9f,fa:16:3e:93:86:dd,VM
ef109ed2-fd12-476b-8744-954a4b9fb4e9,fa:16:3e:fb:a7:4c,DHCP
246bb320-5e1a-4187-bf08-874d4376e0e9,fa:16:3e:c6:9a:0a,VM
5c8e25c0-7b5e-4ba3-97be-f0362fb86f4b,fa:16:3e:5e:60:28,DHCP
8e3f9f1c-0138-4a08-bca3-f30957023ca1,fa:16:3e:ef:a9:70,VM
6df12649-d96b-4da1-9099-5555a27564a2,fa:16:3e:77:b0:5c,DHCP
e1c4c91c-0559-4d76-9ec3-a3ab2af1a157,fa:16:3e:f2:c9:14,VM
62d70905-4d7e-48f1-bb25-d906b53291ec,fa:16:3e:1a:47:ff,DHCP
1e25beec-0f6c-47e9-b65b-1b4bd3ec2d5e,fa:16:3e:11:3f:53,VM
e6819aec-b964-4242-92e3-265c0465d398,fa:16:3e:43:3e:28,DHCP
3c9286a3-576a-4954-8b4c-fa18d31a6322,fa:16:3e:5b:c2:72,VM
cf38f767-2cd0-4986-95bb-b8e6a99f43c6,fa:16:3e:f6:c5:67,DHCP
51f54fa1-af94-4e24-b2b0-b201a4164cf6,fa:16:3e:99:b3:64,VM
45f87fb5-15e9-4298-abbd-d81854ca2617,fa:16:3e:fd:cc:05,DHCP
737ddf51-348d-4891-ac57-0cf94d1f9e3a,fa:16:3e:64:e0:ad,VM
70703cea-3bbc-44a3-8ebd-9b668c41174a,fa:16:3e:51:53:c5,DHCP
fc378cfb-4c57-4107-8c61-2ef5c5d58804,fa:16:3e:4e:c0:70,VM
7cce4cab-6232-4c81-a37b-100a8ac7f8ee,fa:16:3e:e7:a1:2e,DHCP
388c7944-4dab-4b7a-838b-b4a6e3c0f449,fa:16:3e:f1:03:7c,VM
66f070b0-00ed-4878-8db6-62cd761cedec,fa:16:3e:e0:6b:a5,DHCP
eaece1d8-c7b9-4b1c-a9e6-15a1a3bc9abb,fa:16:3e:8f:e5:4e,VM
a1892514-e4da-4a17-a900-f578b8cf0262,fa:16:3e:d1:ed:61,DHCP
6e479b0c-6899-4896-b426-c92a6c7cf010,fa:16:3e:f4:ad:a1,VM
cf85241e-433c-4fa1-9ab0-73d94de3b40d,fa:16:3e:6c:84:fa,DHCP
7b6d9a35-9a32-40a1-a907-f8d3637bc0cb,fa:16:3e:bc:6f:ea,VM
580de7ae-f05b-4852-a942-498eadde50c6,fa:16:3e:ca:7c:df,DHCP
a8c4bc54-a13a-47d6-a98a-37e5f358899e,fa:16:3e:7a:f0:34,VM
b19b13ef-c6d0-4621-a50a-3a493ef23abc,fa:16:3e:cf:bc:c4,DHCP
dc740d3e-fa00-44c4-9bcc-5097ad6ee941,fa:16:3e:ee:4e:64,VM
1db8759b-1796-443b-b3da-eeacf4e9a5ff,fa:16:3e:69:49:71,DHCP
275b3aac-e5f5-478f-b010-a08dc65a3269,fa:16:3e:67:2a:73,VM
740dc573-d9c5-4f0a-8596-5f595c0cf60f,fa:16:3e:56:3d:41,DHCP
85095067-4818-46ce-b011-254edb2cd232,fa:16:3e:47:1e:ab,VM
c7b7b8ae-e4ce-4c2c-b76d-80ac20b59e89,fa:16:3e:df:32:a0,DHCP
cf7b3c18-d7a8-49ae-a94f-3c4848b05c4a,fa:16:3e:36:e2:bd,VM
00534ffb-1cd3-493f-a58f-fd8060df567f,fa:16:3e:5c:23:fd,DHCP
5e6f3688-502e-43cc-b5ed-57c05343ba59,fa:16:3e:f3:bb:7f,VM
2b1633ce-2411-40ee-9862-15c9bcf02388,fa:16:3e:8e:de:0a,DHCP
0d0fdb2a-1db4-48f1-9228-790fb883e9c9,fa:16:3e:9a:22:0d,VM
a945855d-0ef4-4651-94e4-b524bf3f910a,fa:16:3e:9f:46:b8,DHCP
43648253-7c48-48fd-929c-ec1e9a80d3a2,fa:16:3e:b0:0d:20,VM
0fbd1fd3-2b3d-46b9-8b19-ce531a052e6a,fa:16:3e:bd:d7:56,DHCP
b104f206-44e0-42f2-bfbd-f4f766d60d13,fa:16:3e:ea:b2:59,VM
662f1f02-c0f5-48b6-a5c0-dab9b58170e3,fa:16:3e:68:cc:62,DHCP
12695344-a49b-41cf-9341-13c76913edc3,fa:16:3e:f0:82:ec,VM
249fc338-618d-4857-8a40-edf84eb0927c,fa:16:3e:c7:60:93,DHCP
036049e1-be29-4eb8-9e73-e44d4f1acded,fa:16:3e:54:2c:e8,VM
951883e1-006e-4c74-8dfd-ab2fbd3568ca,fa:16:3e:e8:a0:13,DHCP
9b0086c1-40cb-44a8-a212-3500ff2417ec,fa:16:3e:6e:96:2c,VM
c3e4c2f9-cca4-4aa9-bed3-3e46b5d02627,fa:16:3e:9b:19:6f,DHCP
9d6714bd-acf6-4b63-9102-566dfc09c29e,fa:16:3e:62:13:cb,VM
6aa2628e-1f89-4835-a4e4-724350a4beb7,fa:16:3e:63:0e:c4,DHCP
4516381a-25ef-4863-a446-b18794bce8f3,fa:16:3e:3b:e2:b4,VM
62986cbf-3eb4-4ab3-879e-1f18c99c19dc,fa:16:3e:c3:3c:4d,DHCP
8bfbc061-e363-46a1-a65b-b05627709338,fa:16:3e:5e:6e:4a,VM
f658746f-901b-4626-89b3-62057cec59a8,fa:16:3e:b9:13:00,DHCP
f59546e2-d44e-4bd5-9e85-8cd5bcaa2462,fa:16:3e:39:bc:dd,VM
89f9aba3-d298-4217-a76a-f742427aa5fa,fa:16:3e:ec:74:03,DHCP
aec62bea-708e-4b5b-bd7d-816e714060bb,fa:16:3e:3a:4f:66,VM
ec2d4c4a-81d6-4124-965d-9b13e2bd42dc,fa:16:3e:f8:be:76,DHCP
a65f0f53-aa17-4d25-abd7-d3a1b2ce21e5,fa:16:3e:e2:41:b5,VM
45dbb91b-f5cc-4a08-82e8-c71d99432594,fa:16:3e:fa:99:05,DHCP
