4a68e4ff-7cbe-4770-acb0-8ffdb502fb2b,fa:16:3e:a8:a5:0e,VM
4d6956ef-904a-4a26-b9da-e03a3a3afd12,fa:16:3e:0c:2a:5c,DHCP
378d42b0-1266-4196-9d8c-bc73de48307b,fa:16:3e:84:69:7f,VM
e8fc2568-be80-408b-a32f-d9cf7192cd70,fa:16:3e:8f:5a:02,DHCP
38bf57c5-f422-4b5a-b25e-2381ed471589,fa:16:3e:82:73:df,VM
5af348fc-641f-4398-95bf-68228a6de100,fa:16:3e:0e:2f:9a,DHCP
6d877157-ee31-4cfd-8951-5f4dc9c5a4f1,fa:16:3e:05:60:fe,VM
1a45bd75-5b79-44d9-bfb9-949d9832f616,fa:16:3e:9d:83:e1,DHCP
4611b680-e807-4001-94c3-b88f9c3d247c,fa:16:3e:2a:dc:08,VM
44e81f75-8a1b-496d-9dec-b923384e5e98,fa:16:3e:c1:75:6b,DHCP
59cdc12a-24a8-4133-a3df-b157ea223d92,fa:16:3e:58:8d:1e,VM
514e548e-0de0-47d1-a342-340b00071d9e,fa:16:3e:fb:49:ce,DHCP
2b5a4334-0ca8-40c4-b835-74efa3c80d5b,fa:16:3e:19:f8:ee,VM
9bcbf1a1-111a-4c7a-a7d1-9078826a7650,fa:16:3e:1a:f8:26,DHCP
cb4652b6-baf5-4d15-9b3f-9ef4e4cdb097,fa:16:3e:dc:43:fb,VM
4df6cfc2-a30d-4ddf-ada5-7822dcefeffe,fa:16:3e:4b:ba:49,DHCP
9bf5787a-230c-4c35-a559-5f2bdfa1707f,fa:16:3e:75:87:8a,VM
5d699785-ea50-43b2-9a60-81addcbd0e7f,fa:16:3e:a8:83:ab,DHCP
036ed862-1eeb-4c6f-97bf-b895c53b603c,fa:16:3e:63:ab:65,VM
21d67e71-aa97-4e6c-9fe2-d64c933ba2b2,fa:16:3e:c8:17:1e,DHCP
0802cf41-5faa-48e4-8fe0-43d694a837d3,fa:16:3e:21:b0:39,VM
6db48489-58ec-4a1a-b968-9fc4a04d56eb,fa:16:3e:63:30:66,DHCP
51805a00-5e09-4571-a0b9-eef2adc67cb3,fa:16:3e:25:cd:0b,VM
2c52c5e5-cdcf-4f36-93dc-aa2cbad381dd,fa:16:3e:17:50:8a,DHCP
0dd696d4-7241-4209-9c70-0acb716604a5,fa:16:3e:d9:10:74,VM
e5c7a323-9950-467d-9038-a83a98797e5d,fa:16:3e:12:e5:00,DHCP
9024aaed-e967-4b60-a568-dc2d4017ea01,fa:16:3e:2f:d8:77,VM
1da3855f-4171-459f-85cf-e01e8b506dd6,fa:16:3e:53:d4:e0,DHCP
38566e15-d892-48d7-a8e5-4a7628330ff7,fa:16:3e:76:96:e3,VM
0adf1872-d81f-4482-a35c-9fdf7fe9dd85,fa:16:3e:3c:ce:cc,DHCP
dcfe4e0e-f8b6-429d-a2ff-a4515b01381f,fa:16:3e:98:06:83,VM
0d6c8f75-e984-425a-91ee-d3a0bc429fb4,fa:16:3e:60:7a:dc,DHCP
35fbc1ba-db24-4bf6-b46d-d0f6e2f4950c,fa:16:3e:70:62:bd,VM
e84eb79b-9447-4c3c-b9c1-adfebec94bfa,fa:16:3e:2e:70:4e,DHCP
c767042e-2ce0-41d3-955e-c8bd8011b2ce,fa:16:3e:53:f2:4a,VM
b9530234-d87d-43c2-8072-a6c3719deb20,fa:16:3e:ed:75:22,DHCP
0f28d3e7-7071-4d35-a050-81e86bad3651,fa:16:3e:3d:0c:df,VM
464e0ea1-2335-4573-ad27-0991351dbede,fa:16:3e:4f:58:48,DHCP
3322a6b8-1c59-4772-b9ec-8af6b6e6df44,fa:16:3e:f2:65:94,VM
0f901f8b-eebf-4ce6-baaa-4896362b7910,fa:16:3e:d7:5a:67,DHCP
d37492d3-ca94-47e0-9d9d-9574458e2ce6,fa:16:3e:ad:03:a0,VM
4d5cfa59-d68b-4099-9fc7-21e109cd3e86,fa:16:3e:19:93:ee,DHCP
7c5f2ebd-dccd-4def-bc19-65f20c4edb4a,fa:16:3e:0c:0e:1b,VM
7a821963-283b-48ad-87ae-32a645901a5e,fa:16:3e:ec:9a:6f,DHCP
f7f88a62-ed1b-4093-849d-3ac941f7bc5f,fa:16:3e:ea:0f:8b,VM
1b86d8aa-794f-40fb-9798-54a87b7f0f25,fa:16:3e:5f:cc:3f,DHCP
a37d0d15-ed22-4b9f-97d7-88664500a544,fa:16:3e:fb:d9:10,VM
7dc0d721-85f9-4bb2-be1e-104a0f36f3a6,fa:16:3e:af:7c:dd,DHCP
231ae231-4698-445d-bd1e-f948ebde191c,fa:16:3e:af:c5:4d,VM
4c5e1e75-6fe8-4da1-9041-7249e0e0d43a,fa:16:3e:42:97:b5,DHCP
006a70ff-2751-4afe-9020-630a085aa391,fa:16:3e:ed:45:e8,VM
9f1afa34-778f-4834-9b43-e9e7bedcc087,fa:16:3e:fb:63:80,DHCP
ec722975-bc80-4ba6-9528-a72da0b3c775,fa:16:3e:70:04:82,VM
49078793-1f38-4e2c-a0e0-cb0d1d1d3dd7,fa:16:3e:be:f1:a6,DHCP
4c229877-5207-44d4-8530-d305fcdee374,fa:16:3e:84:80:1c,VM
a9fd637e-c44e-4803-9ce8-9d169eef7937,fa:16:3e:63:89:36,DHCP
aae35b54-33a0-4505-9297-7ec74fcbdf6f,fa:16:3e:77:1c:96,VM
204a23f4-4e7a-4c0d-9728-3d64d74ef4ae,fa:16:3e:1c:12:b6,DHCP
6a189429-2cc6-400f-8577-8b3f65c75139,fa:16:3e:55:69:ec,VM
2bc35bda-1d54-46f1-a7ee-59a094e02b19,fa:16:3e:59:02:94,DHCP
d70edc16-13b8-4373-a7b3-af5598e57778,fa:16:3e:c4:4b:87,VM
1cc08c16-73a3-411f-afb5-bb3379e327dd,fa:16:3e:c6:f7:05,DHCP
ad1caed0-70d7-4ac9-bc10-a41aab824b7a,fa:16:3e:a6:8a:f3,VM
6171057e-230b-43b7-9dec-59fa098339d8,fa:16:3e:be:a1:16,DHCP
ab6376d6-7131-4c98-9722-89c26a73e773,fa:16:3e:7a:32:a7,VM
d907d927-613d-4146-9618-7a21a85c2be1,fa:16:3e:ff:fe:d6,DHCP
97323de0-35e2-46c6-8b12-1442c201adae,fa:16:3e:fc:8a:ac,VM
f6bc282b-6c15-45f0-934d-ad0f3e5f6d98,fa:16:3e:a6:cf:a0,DHCP
5f6651a4-aa18-4d98-999c-aca994c8d1fe,fa:16:3e:07:e4:7e,VM
9f07f2a5-113b-4e88-9c37-f5c0e77f5fc2,fa:16:3e:57:01:fb,DHCP
1b316bab-07dc-47c6-898b-2b5d3d0e73c9,fa:16:3e:44:24:ae,VM
71c3d211-906c-4278-b416-b2b9c8ed152b,fa:16:3e:f7:76:34,DHCP
04f58b0a-0c14-4d01-9f6f-b7377230c344,fa:16:3e:dc:3d:58,VM
61429510-992d-45ca-b899-617d4038b3e3,fa:16:3e:b1:0d:ab,DHCP
77a32a4f-6742-4678-9643-1d940a594ca3,fa:16:3e:e6:1b:2f,VM
c9697bbc-1291-48bd-85e3-8fdf7eb17237,fa:16:3e:5c:ef:65,DHCP
1fe92bd9-736e-43e1-b17b-730bf38ceb44,fa:16:3e:59:71:e2,VM
f5cb1396-8989-4d65-85e3-37137a0cdfa6,fa:16:3e:75:31:95,DHCP
6ada3df9-850f-44b6-bd77-bea01a6afb36,fa:16:3e:79:e6:9a,VM
4c28347a-a14e-4bf5-93e1-6d0b7b03b86f,fa:16:3e:86:08:89,DHCP
4af3d6e6-b413-4008-b9c5-eddc1888d86e,fa:16:3e:af:8a:4f,VM
45dbb4e7-b79e-44c6-ad36-4d0120f4d247,fa:16:3e:7e:5c:6b,DHCP
3d6758d9-8b15-42be-ad0e-52e94a1a26b7,fa:16:3e:fe:35:70,VM
cde71580-0433-4b30-9878-45f8901e6ba0,fa:16:3e:4b:88:aa,DHCP
09174977-a840-449d-ab63-21f2f9985a2f,fa:16:3e:fd:39:e7,VM
11e9a056-0f51-4b17-8de6-45952fe7a1b4,fa:16:3e:5d:d2:dd,DHCP
16219d1a-fd91-4d0a-b688-2f38a41dcc29,fa:16:3e:94:1d:e7,VM
d35e8262-82a7-4883-a57c-4413561f8d3e,fa:16:3e:25:f3:66,DHCP
7fcbb17b-2249-4e5c-915b-e185427876f9,fa:16:3e:e1:0b:f9,VM
d7060d07-f3ac-4136-9d34-8cca81066483,fa:16:3e:2c:74:4e,DHCP
9beb17e9-c229-4f24-8d06-b9f6d6decfd5,fa:16:3e:69:ac:b2,VM
b7942a93-9776-40fb-9f56-7b3d7b113640,fa:16:3e:de:8e:28,DHCP
ffb9de75-3f6b-4b0f-a1f8-8ddbe273eb5d,fa:16:3e:72:ec:e9,VM
5e1f28d0-41c3-469b-b06c-4a50129e0b7a,fa:16:3e:56:3b:f1,DHCP
4dddc0ac-c201-4a30-8fe0-1d7883528980,fa:16:3e:a9:2f:e6,VM
21c910d8-d86e-4bea-aa64-5725fa6fc90e,fa:16:3e:6d:48:90,DHCP
ec8563d1-943b-4335-81eb-3d2cd206f8dd,fa:16:3e:29:0f:86,VM
5c7dc5c3-40ad-453e-9968-d19865f0b7a6,fa:16:3e:30:c8:50,DHCP
4f177954-b881-42ed-b291-c443e18b0559,fa:16:3e:93:aa:02,VM
588a03fa-35d1-458a-9239-ddecad86ddc1,fa:16:3e:83:cb:63,DHCP
07cc4fa2-5a43-4d8e-9fef-31b74655b771,fa:16:3e:1e:16:11,VM
8d672738-fa62-4bf5-a5f1-7e92373f13f2,fa:16:3e:60:b6:2f,DHCP
ccb66ce7-c547-413d-8a2b-585e5515a3e3,fa:16:3e:ed:07:f1,VM
d681fa2e-0bae-4ce5-a084-f4ba6072aed2,fa:16:3e:7f:49:1d,DHCP
6e0deda7-c280-430a-8694-5d191a8a1d5a,fa:16:3e:2a:05:91,VM
bd3e68a3-1734-4005-9987-d1f42ebfed37,fa:16:3e:6f:cd:29,DHCP
6ddb01b7-7cf4-42e0-bba6-495905f73a93,fa:16:3e:c7:41:99,VM
fbcf9961-4ec1-4027-b26b-d35de3523523,fa:16:3e:28:3d:75,DHCP
915bd041-15c1-462c-8ed0-0720c670f99e,fa:16:3e:83:f6:38,VM
8e166017-d6c4-4bcb-a8a6-294a7c83dc73,fa:16:3e:34:c7:2c,DHCP
799e8378-f54c-4904-8889-a990164cf1c6,fa:16:3e:ea:e3:cb,VM
5430bebe-e0fd-4c6c-98a1-a32c79db83eb,fa:16:3e:4d:15:9b,DHCP
831a92a6-7b0c-470a-9ad4-10030bb99850,fa:16:3e:d2:b4:9c,VM
69c450a4-528c-4550-966e-1438f2adc83b,fa:16:3e:64:6f:e1,DHCP
d19e0754-b69a-4d0c-a3f6-5516eb53fe8c,fa:16:3e:98:d3:f5,VM
e2b3022f-28e4-4b70-b4b5-f15c32200f2f,fa:16:3e:c8:8f:3a,DHCP
32d0b260-c903-4804-9f11-3f48a8068b57,fa:16:3e:f4:d4:2e,VM
4ee72108-a635-4f76-aa8e-61af8aff2486,fa:16:3e:13:dc:a9,DHCP
30b3d9ef-5762-4532-82b1-7c56822c6032,fa:16:3e:7b:55:ad,VM
534f2932-d34e-487d-89ff-ceb510909ce7,fa:16:3e:71:90:4e,DHCP
1ab7c55d-20e5-43a1-815f-059692da0697,fa:16:3e:16:3d:21,VM
9d6bbb07-78f1-45e6-b4a2-8e99b1a8cb9c,fa:16:3e:e1:06:be,DHCP
b88ebbfd-212b-41fe-946d-ae524d365754,fa:16:3e:9a:a6:c7,VM
d2237e67-2da0-412a-9018-a1e9f75ccdab,fa:16:3e:ce:1c:5c,DHCP
dacb6aa5-4417-4ab5-8702-ef8c98412692,fa:16:3e:25:f7:bb,VM
e6e4d1d9-672e-4a8a-9c83-77616b8f15a7,fa:16:3e:eb:e3:a8,DHCP
b640c958-98bc-4f3a-b4cd-4e14af9b750b,fa:16:3e:f5:2d:1e,VM
7ac6336f-c193-4a6d-b1e1-fa34712c210c,fa:16:3e:94:01:73,DHCP
89b9a416-a9df-42ee-a87f-daab047e98c8,fa:16:3e:df:9b:15,VM
70139d52-10ec-42ae-a17a-bad7c0543f73,fa:16:3e:72:42:3d,DHCP
d39b7c5d-6145-4bc2-ab00-9cebbbbe4ac5,fa:16:3e:16:62:33,VM
a5373126-48d1-41c9-a813-27a19958fbd0,fa:16:3e:7a:9c:3b,DHCP
afce2660-dd5c-4007-9fb8-0aff876bce80,fa:16:3e:eb:7f:3a,VM
beea57f8-4593-4d07-9b5f-b565c6eb9782,fa:16:3e:9e:ba:c4,DHCP
b12a1f19-a6da-42f8-a8d3-232acd844f94,fa:16:3e:17:7b:9f,VM
31bdaca4-058b-4914-b6b1-458194fb6c1c,fa:16:3e:00:08:1a,DHCP
b02ab594-8abc-455f-b259-683e00366b05,fa:16:3e:07:f2:f5,VM
3f17a6af-0124-4e79-8a32-d06001647d02,fa:16:3e:a6:92:fc,DHCP
40c9302d-60fb-4a23-9c1c-3acfcae23756,fa:16:3e:5e:3b:b9,VM
944d1967-5ce2-4d3a-b7e6-2623c3c41699,fa:16:3e:ca:a9:bf,DHCP
4aab44be-bc39-4f36-ba86-08b7e6444d7f,fa:16:3e:9d:01:18,VM
0eb46e98-8d02-47fd-a2f9-cee7fb5648d0,fa:16:3e:b3:46:f9,DHCP
bc0bcc5e-d2ab-45ac-bbcc-1f5b1d96cb5a,fa:16:3e:3a:e6:c6,VM
d5c586ae-4a28-452b-8c9e-ce0318efa4fe,fa:16:3e:f9:ac:d1,DHCP
4e7995c2-cd87-4a98-88a0-3985b8dc15da,fa:16:3e:ae:d8:52,VM
57b27baa-b425-41f3-87a9-3f221faea2d4,fa:16:3e:a2:15:d2,DHCP
f18b57f6-bf75-4509-82bd-fc51073ce767,fa:16:3e:dd:f9:06,VM
3a2e30f8-9e65-4aeb-a8c3-91cee430c10f,fa:16:3e:5d:67:5c,DHCP
6b676b44-5498-4253-9f83-579c1748dda1,fa:16:3e:5e:84:0e,VM
11421b3b-d625-4295-a00a-9b204306e2eb,fa:16:3e:c9:cf:d7,DHCP
934dd471-e520-4cd5-9401-58e887000170,fa:16:3e:1c:5f:ff,VM
6397d2e3-bdef-4582-b44e-7974b18df741,fa:16:3e:4e:15:fc,DHCP
53d4615e-9813-42e6-8152-3ce6b32bdfed,fa:16:3e:c5:06:82,VM
49abe338-656e-4587-9b10-49c063ce56bb,fa:16:3e:be:35:e9,DHCP
a33ec4dd-9ce1-4b83-bcb6-dbaa035f8198,fa:16:3e:06:84:c2,VM
0fa15dff-1faf-45cf-a63b-c61b4d71fe87,fa:16:3e:18:e6:68,DHCP
9f6e244c-dae1-4cc2-8034-2f250b2620e6,fa:16:3e:73:b0:27,VM
10443ddf-97ab-45ee-977c-18ab3e2a64ad,fa:16:3e:0c:5b:50,DHCP
a8e8c14e-f9c9-40f5-ad96-4b54d3f93914,fa:16:3e:b9:2f:44,VM
5a1277de-da22-4079-ae33-f4450e4aedbb,fa:16:3e:0d:2d:8e,DHCP
4607202d-c9e9-4771-a0d8-ba25a70907ec,fa:16:3e:75:5b:b8,VM
3a912e94-e2bd-4972-85e6-9202b7f116b9,fa:16:3e:5b:e7:65,DHCP
590aaa91-2137-4b26-b2c9-4b5c115065ae,fa:16:3e:5f:01:1f,VM
d33d8a8f-bd74-4ebf-a6d6-de98d6bb089e,fa:16:3e:57:46:dc,DHCP
188648a5-5ea9-47a3-a61a-38f0b8c45a10,fa:16:3e:63:40:a9,VM
14d646df-b256-42c7-9022-f160a3eb1b05,fa:16:3e:ef:dc:75,DHCP
bf776f5c-fd0b-4ebf-92f5-bf19bf4bf880,fa:16:3e:ce:ac:72,VM
2c77d514-ccd8-4299-b8cb-06bb5a6591b7,fa:16:3e:23:61:28,DHCP
17cabaa5-724d-48be-a7e2-47e740ac3c31,fa:16:3e:ea:f8:fd,VM
307b1db3-0e18-4aa7-953d-8134dce4035a,fa:16:3e:5e:d1:05,DHCP
e2d6483f-fc04-4221-ab35-2357a3af5b9d,fa:16:3e:d6:56:ef,VM
93adc7b7-e7cb-4fbf-83af-47fbd596f445,fa:16:3e:86:1d:de,DHCP
b47e2ec1-ab6e-42dd-99c1-99cb29f50484,fa:16:3e:b1:65:5c,VM
464f4934-9547-492a-9c9d-76341318bc3c,fa:16:3e:df:81:d3,DHCP
50033fa1-9935-456c-a5f1-4d752c986ead,fa:16:3e:a1:41:65,VM
9f47b2f7-99c8-4907-9eb1-2777909b5c03,fa:16:3e:66:23:59,DHCP
43f0270e-1a08-4594-96b7-9e43ba10de04,fa:16:3e:49:55:59,VM
0d2b24b8-6038-4c8b-a87d-a1877a173b92,fa:16:3e:88:25:35,DHCP
4e8def35-92f9-4f31-83f6-c976cc5cb966,fa:16:3e:be:09:6e,VM
e12b82c3-fd5d-4dad-89c4-8a7e7ec9da92,fa:16:3e:21:7f:e0,DHCP
d977ac73-451b-4487-9c3a-10b9492d09d3,fa:16:3e:a1:56:0f,VM
84abcbfa-10e4-4037-86c8-166c25a1b0fa,fa:16:3e:f8:03:7d,DHCP
f06d8fa0-a487-4f8b-8e53-eca9ac8fea2d,fa:16:3e:70:6b:40,VM
860f1ba4-fe53-4d6c-b6b6-02a15cafaa1a,fa:16:3e:9f:aa:17,DHCP
816dadda-8419-4ad8-a48b-0818df5e37bd,fa:16:3e:74:d5:07,VM
376ea964-a0dc-4bea-b27f-6b17bd24aa84,fa:16:3e:77:3b:8d,DHCP
7aa415d8-c6cb-4356-8241-196d4f01b506,fa:16:3e:d5:4c:b4,VM
527a3a06-5681-4a08-8c51-d4848c91adb9,fa:16:3e:64:55:92,DHCP
4ced455f-600a-4d08-8f0c-a862a4b42c74,fa:16:3e:57:bc:cc,VM
a2c7c80b-5b3c-41ec-b761-1c5ef2d18d93,fa:16:3e:dd:12:55,DHCP
60bd6705-b59a-4c86-af0e-37092cb47f16,fa:16:3e:2c:a3:51,VM
ca213984-f81c-4bb7-b514-310373e96977,fa:16:3e:16:a9:11,DHCP
9f40927d-eaed-4c8f-bcc7-e27b123cac74,fa:16:3e:dc:6b:56,VM
d66ecfe3-8e9d-4e3e-9623-b3b55f15a9c7,fa:16:3e:69:6e:8f,DHCP
41661446-5b6e-49ed-ae88-27f16b7a225f,fa:16:3e:6b:e2:40,VM
ce4f48a6-b992-48fd-973a-dd54b5718dc7,fa:16:3e:61:a7:54,DHCP
2d86538d-b3f1-46e3-8676-1a0177e8754a,fa:16:3e:d2:c4:10,VM
5fc90899-2294-40ee-b3e0-2e2d1fd71f1f,fa:16:3e:3e:ac:e6,DHCP
4edbce5b-063e-448f-a89b-90f599df25d0,fa:16:3e:ed:c9:13,VM
2a044688-596d-4445-8f09-3984a2f6c758,fa:16:3e:15:2c:e0,DHCP
ac11ba6d-8b55-43a3-a688-052f50d85073,fa:16:3e:e4:f1:d5,VM
59d190dc-df82-4fe4-87bb-ba1a563eb11c,fa:16:3e:ea:7d:24,DHCP
75509749-b385-43c1-b616-3844b218b4ec,fa:16:3e:68:b0:d4,VM
80a7ff11-168d-4c20-a6ae-1a773286c1ab,fa:16:3e:7f:75:56,DHCP
fc935506-aedb-4535-9034-7eb22e906fc1,fa:16:3e:17:4c:2e,VM
13154112-9f10-408c-b154-30f6cad89280,fa:16:3e:79:3b:ea,DHCP
a61af6e1-84a5-4e51-ab90-92482546aaed,fa:16:3e:c0:17:55,VM
18d1d38b-7802-42d4-b735-a37d4fb15617,fa:16:3e:5c:2f:5d,DHCP
3bf562fe-47c8-422b-9451-d1f4ebebf834,fa:16:3e:bc:e4:da,VM
58d765e3-2c3c-4466-9718-b787c55e023e,fa:16:3e:87:e3:e2,DHCP
faea80a7-5f1d-45d2-b444-bfc8d05595c0,fa:16:3e:43:12:22,VM
e38dfbd0-4803-4c22-9f08-ba63e4e8271c,fa:16:3e:7e:87:92,DHCP
0778f437-ec2f-4c47-8f50-f1a6232fe2ec,fa:16:3e:79:7d:54,VM
b81b4824-0e89-4c62-8072-8a766eb53d39,fa:16:3e:2d:40:c6,DHCP
85038037-7050-48cb-8648-3fe2776e2b2f,fa:16:3e:6e:cd:c2,VM
a766efdf-1c51-4ff2-ba8b-e7f5e89b4c1f,fa:16:3e:18:2b:7b,DHCP
b128d85b-a5ac-49b4-bbbe-b678ed75ac88,fa:16:3e:02:dc:ba,VM
fad5b0e9-7b49-4538-8f9e-ea0f0399dfc8,fa:16:3e:7a:da:a4,DHCP
67c47c32-17b7-4279-8e91-f2f825ce573f,fa:16:3e:62:4a:18,VM
77ab5710-4a0a-42f0-8a86-cc4cbe391195,fa:16:3e:74:a5:c1,DHCP
d34aff7d-f208-4de0-9993-53f150129ced,fa:16:3e:16:41:e1,VM
2f5b00ba-71f0-4103-b440-934f53306805,fa:16:3e:46:13:4d,DHCP
cacff422-ca34-4249-b2d5-b6efe0982ab0,fa:16:3e:ed:b9:ff,VM
22cc8f4b-895c-4788-869f-16b0ed573db5,fa:16:3e:b5:65:35,DHCP
660f5aa7-23fe-4cf6-a595-054ef7bdaf25,fa:16:3e:52:5a:00,VM
e0bbc03e-3e75-457e-91cf-7db3ffbc113a,fa:16:3e:83:df:eb,DHCP
bdc603c3-4f1c-4ecb-80bb-4d4bb8903176,fa:16:3e:ea:1a:ad,VM
539e6244-db23-4914-a785-d5c6f9429ed9,fa:16:3e:45:29:37,DHCP
c4119d0e-4e6f-484b-b072-8df43bd2f545,fa:16:3e:6f:29:45,VM
84a86762-e316-43f8-b06a-5bec72fe3a77,fa:16:3e:67:4e:e4,DHCP
15df5e85-34e1-49d7-b354-cc22fa3fdd77,fa:16:3e:3c:f2:61,VM
0fbddca7-cedd-4e2d-9888-becf93a76b7c,fa:16:3e:0d:a0:68,DHCP
150f18a1-ca79-47ac-853d-a42b11c62f55,fa:16:3e:d8:0c:10,VM
1e32eb84-30c2-4074-b7e5-1000c07b64da,fa:16:3e:10:6b:6c,DHCP
db67e94a-f67c-4d63-9ffb-9dfad0fff2b1,fa:16:3e:a4:8a:8d,VM
0068e7e8-9751-4ae4-b9ab-b8395c8bbd72,fa:16:3e:4d:d5:97,DHCP
1ec0ec94-16c8-41d4-88b1-17433d5ab85f,fa:16:3e:90:f4:87,VM
d454e614-cb41-44bc-9311-92c8d2b2fde0,fa:16:3e:a5:38:4d,DHCP
4278553f-a211-4eed-bc48-e5f4d612087d,fa:16:3e:70:f1:69,VM
8590bc23-72da-44ad-89ed-0c045571a580,fa:16:3e:29:07:8a,DHCP
1cd689ce-c69c-42dd-bee4-7996c78edb62,fa:16:3e:3b:f1:b3,VM
c35c31bc-221a-44e9-a234-3fd262e0d02b,fa:16:3e:8c:4c:f8,DHCP
b0e69c7c-9b29-47cb-a81a-71e52192bca8,fa:16:3e:c5:01:a3,VM
4a567d1b-f508-4de0-8c22-0ab5b812a6ba,fa:16:3e:45:f4:6d,DHCP
1545ddc4-1c0d-4d9a-bbcb-72018f8c6385,fa:16:3e:7c:60:76,VM
c5060d2a-db71-4d41-a402-2538a1fdfcd7,fa:16:3e:c7:26:db,DHCP
0dbf2a60-57ff-4ba1-a5d3-e92cc42c6789,fa:16:3e:2f:d3:1d,VM
ba5d41b1-af3b-456f-b3ec-7f633afca4c5,fa:16:3e:cf:52:3f,DHCP
9b55f21e-5411-4cdd-a4b7-048d54b8b7eb,fa:16:3e:30:3d:7a,VM
5bdc9fcd-5933-462a-b8b7-25f907c5eaee,fa:16:3e:81:19:2e,DHCP
e7fd37b7-1a01-4850-a965-997b6206e3a0,fa:16:3e:63:a2:a2,VM
36abf1cf-0a0d-47ce-a9d9-783a2a63b413,fa:16:3e:a9:8c:2f,DHCP
cfdb1205-7246-4e8e-8beb-fa6abdb2681f,fa:16:3e:c0:db:e7,VM
8d06d324-d304-4f91-94e7-f5e8f85e48b8,fa:16:3e:39:eb:02,DHCP
fa2de034-346b-4842-8cff-f14f1879deaa,fa:16:3e:86:59:29,VM
6945c19d-28a1-4c23-96d3-82248a9d36bd,fa:16:3e:63:ea:22,DHCP
326f0036-33ae-4177-9198-9e04a6d60f23,fa:16:3e:4d:ba:4b,VM
cddbaa18-68f0-45eb-b44e-88cebc920d01,fa:16:3e:8a:4e:59,DHCP
e952596b-0c50-43be-9113-556d6ba384a2,fa:16:3e:1e:f4:27,VM
29db7edb-8da4-4d4f-a4ef-b51cb7c73e65,fa:16:3e:50:44:04,DHCP
f851836c-caa6-47af-b84e-e82f5d684fd3,fa:16:3e:16:85:f1,VM
c3734d0d-850c-4202-8ad4-f5d30e5813fd,fa:16:3e:ee:67:2d,DHCP
da102779-744d-47ff-a688-68bb6a35eb81,fa:16:3e:03:43:9c,VM
c855f95d-ccc7-4d9e-92a3-15459860706f,fa:16:3e:15:ca:cd,DHCP
96fe7620-8d14-4924-9502-06766a998bbe,fa:16:3e:38:99:23,VM
217641d1-ac58-458c-8503-c855ffa6e2b4,fa:16:3e:e2:be:dd,DHCP
a197e611-a606-42f5-bae8-6bf39008810d,fa:16:3e:76:fd:0c,VM
d5cfa45c-de80-4ea9-8878-7743fb43f654,fa:16:3e:d4:38:8b,DHCP
7d5d1f0c-c305-4577-80ad-0d218fe27495,fa:16:3e:17:90:3b,VM
d7287464-4339-4f5b-a9c9-a10122b10c0e,fa:16:3e:b9:f7:05,DHCP
525f9665-1092-4f11-b9eb-a022dbeb8c1c,fa:16:3e:9c:56:f4,VM
a37d397c-a481-430b-8229-62b3a06a07bb,fa:16:3e:83:dc:ce,DHCP
c9264092-76b1-45b8-ba35-60beb4d57509,fa:16:3e:e6:f6:03,VM
82d8078c-2ee0-4acd-af25-e59e8acdb2ef,fa:16:3e:8f:85:f9,DHCP
c0bd4d90-dde0-4868-8e3a-79d1d6f65567,fa:16:3e:4e:81:da,VM
2c00e790-5b18-42bf-8df1-13aa1fa79eb1,fa:16:3e:8e:00:79,DHCP
bab494a7-867a-496b-890f-ea0331c53896,fa:16:3e:17:3a:48,VM
a17de376-77ad-42b1-8193-765363e94b54,fa:16:3e:8d:1f:3b,DHCP
fc6655e2-77c5-431c-b5f6-7eb68501ccee,fa:16:3e:b9:26:ce,VM
ce1e3cb7-f6db-4b83-9abd-c1ab302a4026,fa:16:3e:b3:ea:92,DHCP
948c3696-955c-49e1-86d2-6edc21df33b0,fa:16:3e:e2:07:88,VM
4f0f61ac-e933-43e0-9ab1-bd30d28a865d,fa:16:3e:5e:fa:9c,DHCP
6a8f7594-9aab-494b-ac92-e74be0efadb4,fa:16:3e:be:1f:ed,VM
2e696823-3043-4c2e-848b-dd8dd0892013,fa:16:3e:f9:c6:5a,DHCP
dc63c9cb-3005-4a06-84d6-d34c8c632ba5,fa:16:3e:9a:5d:6e,VM
30f82d4b-c27e-46c7-ad45-675501df7cae,fa:16:3e:a6:bb:77,DHCP
bb7d2db0-439a-4e87-b1ed-c5cddefb4d2a,fa:16:3e:b3:e9:c4,VM
7135fb7b-4393-4539-a188-4f1d22a321ce,fa:16:3e:59:9b:cd,DHCP
e873ee69-7aeb-4d34-a24b-653c9d94e665,fa:16:3e:eb:b4:79,VM
bafc809b-f5fc-4855-9461-9a374bf74edb,fa:16:3e:33:d3:8e,DHCP
f7bb91dd-b669-4162-8157-060c7476740f,fa:16:3e:a0:bf:ca,VM
cbb015ed-d41f-482c-bada-69f9d632e090,fa:16:3e:90:49:e0,DHCP
323e9f88-280e-437d-9820-168ae8f3284b,fa:16:3e:76:22:99,VM
83c79e4b-442c-4da4-8b89-305c22e854a0,fa:16:3e:65:33:49,DHCP
ca0eef67-490d-42ee-b51c-7b4a372aea83,fa:16:3e:e3:41:e8,VM
0dbf0ddb-6cbd-4aa2-ad7e-0377171d2384,fa:16:3e:4a:9e:09,DHCP
df80a68a-64f3-4401-89d7-200f18a53895,fa:16:3e:ed:f8:b4,VM
a29f0ece-1d07-4539-b400-0a05fc8de80e,fa:16:3e:0b:c0:91,DHCP
22b48992-5c4e-49eb-8d09-b945e9adbf2a,fa:16:3e:8c:f1:9a,VM
6aefb97a-f174-4d80-9e7c-d8c80384e98b,fa:16:3e:fd:42:f7,DHCP
8c87dff8-4621-4bc5-83cc-cc48c7ab5bd4,fa:16:3e:24:eb:28,VM
70dec450-8917-46e7-b3bc-a0a210d03d38,fa:16:3e:ba:de:f7,DHCP
8b30f2b5-5796-4541-a585-1af076dc8d40,fa:16:3e:33:a9:2d,VM
4d165c8c-a9ea-4ff3-90a6-16cf4147ac3e,fa:16:3e:57:5d:7e,DHCP
232a9980-88f7-4845-94dd-194559c6d220,fa:16:3e:f6:43:3e,VM
272764f5-6c39-4375-9146-7f93886ddd60,fa:16:3e:c6:e4:33,DHCP
92ac93f1-dc8c-4606-ab7b-8736e3aee5cc,fa:16:3e:3c:4f:e3,VM
8023ede9-f111-4dc7-a3f0-2fcb93142925,fa:16:3e:80:3d:23,DHCP
8b041a6b-ff37-4ac0-a44f-a1f78df1debb,fa:16:3e:54:03:57,VM
18fc2708-8f85-4e45-a52e-0eb5276c03ad,fa:16:3e:bd:6d:2a,DHCP
b9cae0f0-00b4-4d2c-92e3-ca7a861ee372,fa:16:3e:25:1b:d7,VM
a3261890-7112-4fa8-a37a-c658e0364f68,fa:16:3e:88:e3:2f,DHCP
30b9ccf0-13ab-44f3-9bc3-f4df5c8245ae,fa:16:3e:6a:00:46,VM
f84db49b-11ba-4186-ad15-50fc5b9d2fe3,fa:16:3e:89:8d:e0,DHCP
58b6cd98-f4e6-49dd-b1b5-b53020ea0a84,fa:16:3e:80:4d:15,VM
e9ab18a5-ee3e-4ec3-9845-2388851f2944,fa:16:3e:cb:27:6c,DHCP
9ef0078e-c550-485e-8475-b7d94ee59026,fa:16:3e:f1:75:70,VM
c087d13a-4a7c-405c-9899-c98816958f71,fa:16:3e:9c:f1:5b,DHCP
9eb7deb1-bbcd-440c-9b67-3e8db659d94c,fa:16:3e:8f:eb:67,VM
10d9807f-bd5e-4104-a9fc-cc3bcbb447d9,fa:16:3e:d0:42:a5,DHCP
0461abd8-8c29-4192-80bb-a16f741aef0d,fa:16:3e:83:ae:3e,VM
06ede020-c304-45df-b3bc-b0ff38907a23,fa:16:3e:29:a0:f1,DHCP
24585e3a-f351-47cf-8d68-628def7ef225,fa:16:3e:4e:d6:c3,VM
17e680d9-f95b-4b31-98c4-721b468964d8,fa:16:3e:93:e0:4f,DHCP
1522e3c4-f401-4b65-9caf-7b11567ee143,fa:16:3e:b3:97:94,VM
794ebaa6-ec72-4099-a0a2-41b012e4db5d,fa:16:3e:28:b1:a6,DHCP
faab1176-7ed9-4a4e-99fe-7c02fe02ed06,fa:16:3e:b1:de:c1,VM
46c086d6-d403-46a6-8423-9c12b43933e4,fa:16:3e:2b:80:52,DHCP
043c4568-c1d5-48f3-a11d-d7a9b7976eff,fa:16:3e:42:21:96,VM
9807c023-8087-4301-b60d-09ca25e59de6,fa:16:3e:a9:18:f0,DHCP
19d28a17-ad35-4065-b241-36cfea898dc3,fa:16:3e:e3:3a:3c,VM
bffd1005-d2c6-4a3e-9572-9b6d4014090a,fa:16:3e:a1:7f:ca,DHCP
c3a33005-e752-47a4-9bd0-895438bd5e42,fa:16:3e:34:b4:be,VM
5a91834b-def2-40ec-b7f9-34ec9261b800,fa:16:3e:c4:55:2e,DHCP
949a8157-bb44-4cf5-98c7-4ddfd3d9ce77,fa:16:3e:44:7a:ec,VM
ed4c2537-ba70-4cd7-812c-d9b744ec89fe,fa:16:3e:5e:e0:56,DHCP
2e3a27c3-0651-428c-9dbf-eccd3d5bdb41,fa:16:3e:6a:82:b2,VM
3b418adf-5106-43dc-9719-cfbe173551a7,fa:16:3e:77:ec:b4,DHCP
83e8d070-c348-4bef-a1b0-7ce23f34ff85,fa:16:3e:30:bc:fc,VM
d2a3ec38-8575-46cb-ad4d-cb0a778943df,fa:16:3e:ce:6d:1c,DHCP
f15ef5d0-530b-40c2-85e0-57b163179329,fa:16:3e:0e:94:e5,VM
8b8b34aa-5da7-4bc1-99bf-dce1c97a53bb,fa:16:3e:c0:ee:21,DHCP
bb4916cd-ce44-494c-ba6d-d6c9dc38d367,fa:16:3e:1b:85:95,VM
ae4580c2-f839-469f-816d-f11d60e8d41a,fa:16:3e:7f:6a:56,DHCP
1f941be7-6fa6-42df-9feb-7d83090399a1,fa:16:3e:c9:a2:da,VM
cecab220-ddba-45ba-8685-b131a632d663,fa:16:3e:64:96:57,DHCP
97581a39-ebf1-414d-a6bf-ba18f9ff8444,fa:16:3e:32:71:d3,VM
99fa9a26-b48e-40f5-bf41-4c09702b7948,fa:16:3e:62:84:1a,DHCP
ef3aac43-7fae-4f7c-8581-eb6071a5f8ba,fa:16:3e:cf:03:60,VM
cfb1df99-30e4-49bd-8827-9111f69267a3,fa:16:3e:d4:84:d4,DHCP
481755b9-3516-415c-ab04-7dd05dd1fc9e,fa:16:3e:df:c7:81,VM
a1ad3a8d-d9e9-44b3-bc05-e677de79a114,fa:16:3e:f1:50:46,DHCP
8762d9bd-4660-4f45-b897-4d3c9afc001f,fa:16:3e:73:a7:a5,VM
9f0a80eb-fbcf-45f3-a6ad-b64b5d7d4332,fa:16:3e:d3:78:8b,DHCP
5713e386-fa54-4d82-9a24-0ccec203020f,fa:16:3e:8f:72:15,VM
46e8c51f-4a52-468a-9adb-39e64e01e3cd,fa:16:3e:cf:43:40,DHCP
00aff667-b956-4ca6-aa9c-1f8b0ad99c1f,fa:16:3e:9c:fa:97,VM
6ee0e682-a99b-479b-9e2e-2a133ec815fb,fa:16:3e:17:6c:71,DHCP
6dd1e20e-81f9-4e81-a788-e27575591d04,fa:16:3e:c0:ba:16,VM
b61b8017-ad12-419d-92d1-eacc9c52b043,fa:16:3e:e8:45:f0,DHCP
d359af6b-b4cc-4c8f-935a-4965f0f2e9e6,fa:16:3e:49:17:16,VM
9f5da765-33ac-46ab-ad7e-91cd3410b401,fa:16:3e:13:16:dc,DHCP
737c3cfe-86fd-49aa-b275-260ccccd0309,fa:16:3e:da:b3:08,VM
c14c2b2c-c195-45d8-b137-3abf4742648a,fa:16:3e:d6:df:f1,DHCP
fd4d5cbe-9132-46d7-a08e-facf84053540,fa:16:3e:01:1f:73,VM
01e6b35e-fc52-428d-b3f1-345b862315c0,fa:16:3e:a7:1d:1b,DHCP
647357f4-c98f-44b4-abc3-c2140289c874,fa:16:3e:72:a5:fa,VM
fd4773ef-ff3c-4bd1-b3d5-85cd6fa186b4,fa:16:3e:5a:e2:29,DHCP
9cd7a31b-9c82-4dcf-9a29-8d34936322e9,fa:16:3e:85:40:4b,VM
8c6505fc-394d-48e2-8e8f-c5b5393cd334,fa:16:3e:50:69:29,DHCP
4ea3b72e-3c1c-42cc-905a-8b1b1ec43154,fa:16:3e:58:ac:d1,VM
27283124-32fa-4813-a3b4-13a345c3a6ae,fa:16:3e:41:e9:ca,DHCP
61dd3f6a-e634-43b4-a381-a1afeafd4596,fa:16:3e:d9:54:81,VM
32ac1a63-9d0d-4dc5-a527-3a59c1b85d5a,fa:16:3e:b9:d9:11,DHCP
aacc6287-165f-4d3a-b0ec-c0713725c484,fa:16:3e:7e:46:8a,VM
61b22bbb-a75c-47a4-ae9e-2685fc87ed21,fa:16:3e:7d:c9:2a,DHCP
e3ec2d6f-77ea-48d8-a667-2056aa9cf001,fa:16:3e:c0:d6:56,VM
146a1337-1a0e-4c11-a05d-67076b8e45a4,fa:16:3e:e0:bd:68,DHCP
64968775-172e-49a2-b184-d595b21ce77c,fa:16:3e:33:28:34,VM
8c2508c4-c00d-4a6d-87fa-ca6d3a66f6ab,fa:16:3e:9b:96:92,DHCP
15a56105-a0df-4b55-a507-c5470cbb723c,fa:16:3e:59:22:cc,VM
0824d50c-8c9a-4838-b027-819ad13a592c,fa:16:3e:70:fc:16,DHCP
3e521b96-d75a-4384-8da4-446b0b272b0e,fa:16:3e:f1:58:cb,VM
4df8ae7d-8722-493b-b5d0-3e4b0379f99b,fa:16:3e:cc:4c:ef,DHCP
09c29601-d1df-4012-b6d1-b61ca0728ec2,fa:16:3e:94:83:0c,VM
673184eb-21e4-4aaf-b6db-9ef73390a61d,fa:16:3e:b6:c9:b0,DHCP
bba6c9c0-8322-4462-a4b5-88fe98bb6d61,fa:16:3e:a5:4d:1a,VM
f4afa0b4-6506-433b-9cb7-ef2b3c9c3fea,fa:16:3e:b1:1f:28,DHCP
2c579bf4-8554-42e4-a906-fe2e2e46f10d,fa:16:3e:60:d6:a9,VM
006c2ee1-c97f-479e-b25e-bee628cd936d,fa:16:3e:4f:7b:e6,DHCP
a56e821a-e29e-4269-a3ea-f290ec2a255f,fa:16:3e:97:eb:7f,VM
31e3150c-3473-4b7c-82fd-3b22e02c859f,fa:16:3e:ec:98:ec,DHCP
e3ce26e8-cd48-482d-bd0b-d23ee2700c66,fa:16:3e:ad:bd:fe,VM
47e8bd7c-b577-47a6-be8a-3c09148bcf2e,fa:16:3e:fa:23:16,DHCP
a5004272-2a38-4aa8-9fdc-6cd8096b64f9,fa:16:3e:a1:7a:d1,VM
6192cca9-77a2-40cf-9d70-76565b2ed098,fa:16:3e:e1:92:1a,DHCP
5f49883f-ca35-453a-8316-b8648969ed11,fa:16:3e:63:bf:dc,VM
9b7e8a3d-8008-42cc-9816-6508138fb626,fa:16:3e:5d:41:39,DHCP
903cbeea-c4d8-4bda-b02c-da8b0f27d762,fa:16:3e:34:93:d5,VM
b7fd748f-3772-4cd8-bdcf-73613dbebeb2,fa:16:3e:d4:1c:37,DHCP
cc2edf8a-0566-4c92-a8fa-4adfc059422b,fa:16:3e:d8:95:57,VM
9d6016d4-3839-42e7-a451-b7183b4424cd,fa:16:3e:e5:66:a9,DHCP
c9c1cf51-3748-4306-9f83-42b73553472b,fa:16:3e:e7:fd:28,VM
7d96f7fc-29ae-4f88-8a6c-9341f29324ea,fa:16:3e:12:c5:09,DHCP
85848315-30b9-4fef-a104-3ca6ef0da2b3,fa:16:3e:ea:78:b9,VM
cd9f3c2e-9166-45f2-bbfc-2cb705b344ff,fa:16:3e:7d:73:ba,DHCP
dea391d6-81a7-4b14-ac91-893f591b9cca,fa:16:3e:08:27:b2,VM
45bc7045-34db-4072-877a-8126c642bcee,fa:16:3e:25:b1:04,DHCP
c428ec88-8a53-417f-9860-4747c82bfa4c,fa:16:3e:ba:b1:7c,VM
b90d7680-4213-48dd-b094-b2ee063a5404,fa:16:3e:91:6a:d1,DHCP
969a785e-ca79-43ac-87fe-e2fc6e37c267,fa:16:3e:13:74:99,VM
7fb2a6f0-ec4e-4114-afd8-bb5b66c16ae8,fa:16:3e:0a:5f:4a,DHCP
2bf1d422-3c6b-469a-8e50-4229cef25581,fa:16:3e:f6:f2:8d,VM
14b5eeca-b28a-4c58-ba94-2f3097eb6d7b,fa:16:3e:96:d3:ce,DHCP
bf327b7d-8cc9-43d7-b6ca-538c04444aa5,fa:16:3e:6d:e3:b9,VM
b82e62a3-6c25-472c-9448-f006b0be2226,fa:16:3e:3c:d4:bb,DHCP
645c68af-35a7-4647-a92f-8d990061f834,fa:16:3e:38:3b:2a,VM
a5b517a1-3150-4c38-bd30-842d6e98cea9,fa:16:3e:31:10:69,DHCP
6f757e13-ec16-4110-937b-3c9722a3de39,fa:16:3e:ac:75:76,VM
1164a165-060e-4718-8d93-b57edfc8ca0f,fa:16:3e:33:0f:f9,DHCP
c9550eea-5a78-4e64-ae1f-29894124486d,fa:16:3e:be:00:d0,VM
169e2ffe-2017-4a61-bdeb-b9e56936d5aa,fa:16:3e:72:2b:e2,DHCP
d83fa7b9-92ee-424a-926a-63672511747f,fa:16:3e:6c:db:70,VM
98e69bf3-641b-4273-9d9b-5df587bc7692,fa:16:3e:9a:09:7f,DHCP
6c158172-506f-4763-829d-c8f89f7d7f85,fa:16:3e:2e:67:98,VM
bc421111-609c-4bf8-973b-729fd8e214ae,fa:16:3e:3d:96:fb,DHCP
be1cc038-3c7d-4148-bef1-91387f60ba98,fa:16:3e:d6:61:6b,VM
4901376d-5796-47c8-815b-f30317cd5a9a,fa:16:3e:fe:c4:75,DHCP
3539dfaf-d7bb-49a4-b267-aabf378862e9,fa:16:3e:6f:d4:b4,VM
61b37249-8708-4421-86e2-fb8b0a8ef651,fa:16:3e:62:1f:3b,DHCP
e80f8c8d-7032-4cd3-a497-e75cfa8e8935,fa:16:3e:e4:ed:93,VM
c1c1b8f4-df13-4497-b932-38e510c3d5e1,fa:16:3e:ef:d1:2b,DHCP
568f0426-bdd6-4b6e-a48c-8cbc06a7f3d6,fa:16:3e:06:50:a0,VM
42f403f5-c78c-4f09-8b83-003c31884d1d,fa:16:3e:45:b0:6d,DHCP
c158a87e-1b19-4744-9c21-9ddb82fa088f,fa:16:3e:5b:84:9d,VM
f3844415-cce2-4808-b495-b30a0446cf8e,fa:16:3e:d5:56:0c,DHCP
42d233b6-fe6a-40ee-ae3c-cd61bf6410ec,fa:16:3e:ff:69:e4,VM
7bb2bff3-9b4b-4406-a39a-8e12c37254e3,fa:16:3e:ea:0a:eb,DHCP
027df7f1-db02-43ee-938e-5597230643c5,fa:16:3e:08:d5:1d,VM
76514a5d-2c59-4b60-8db3-651053e87a14,fa:16:3e:48:cb:f1,DHCP
701ebf3f-5665-445e-a1f9-fa909015eedd,fa:16:3e:ac:0d:7e,VM
406f7a1e-c68e-4bab-82ea-f26783b8e6ef,fa:16:3e:bf:db:f8,DHCP
8d3fa4a0-f9f5-48df-91e6-a3082d47d66b,fa:16:3e:d4:ff:04,VM
393d42c9-9563-4b97-894f-1edcdf546273,fa:16:3e:f9:af:da,DHCP
1ef33e8c-bba9-4016-8c4f-2cd34571cf5c,fa:16:3e:b9:bd:f4,VM
e65032c0-97c0-4a16-a944-295f861f98a2,fa:16:3e:60:a8:34,DHCP
4db4c49a-a097-4209-a259-e27c393e7e28,fa:16:3e:2e:8d:a6,VM
dbdfb969-c836-4109-a4e6-d4814c8077a3,fa:16:3e:90:74:de,DHCP
a7ecb2cd-47df-4fd5-a517-0c3c0948106f,fa:16:3e:aa:49:da,VM
baba9aea-f9ae-4dfe-9235-f58fecc4dd36,fa:16:3e:78:15:22,DHCP
c8966c9f-266a-475a-a860-0877a175d3aa,fa:16:3e:d9:9f:69,VM
460da413-b385-48b6-bff7-e5723f918089,fa:16:3e:60:42:82,DHCP
d826771f-fa64-4a0d-8229-4e8512963a17,fa:16:3e:dc:98:b5,VM
e923892e-40c2-4ac7-ae28-b5b0b384f76b,fa:16:3e:ec:d4:3c,DHCP
73f784bf-71ab-422f-9922-a19d59041aa0,fa:16:3e:1c:ae:3d,VM
2ce19689-1aba-46db-b669-d465fffaae99,fa:16:3e:8d:73:d8,DHCP
f0e4201e-406a-42a0-872c-aa6774d490e5,fa:16:3e:b9:6a:52,VM
e1924090-bea9-44b3-ae9c-87b7d45b2049,fa:16:3e:d5:30:6c,DHCP
fa08a8f7-10dd-4db8-92ae-14c4c26135b7,fa:16:3e:40:fe:bc,VM
342ecf7d-a9a8-4506-80c7-70c25ad60331,fa:16:3e:e1:d2:27,DHCP
82edd3aa-68cc-4e1e-916b-48ea5ac22bdc,fa:16:3e:c1:c9:3b,VM
411de723-cb68-4a13-b88f-7aa109ad6f73,fa:16:3e:21:60:ed,DHCP
09a25c30-57af-4c32-8f12-3bdf79964062,fa:16:3e:df:1b:80,VM
dd869911-952f-4072-9fe4-920679c29562,fa:16:3e:47:96:76,DHCP
10fe4cad-87e0-4538-a487-ad890fbea452,fa:16:3e:77:03:08,VM
d47e77ea-19d3-48fa-a0ea-8b3c7b30c321,fa:16:3e:8a:4b:2e,DHCP
8435a76f-23d3-4269-be58-1c7486cce15e,fa:16:3e:21:3d:1b,VM
36ddf856-4320-4eb1-9a21-6f27821f9633,fa:16:3e:13:cb:37,DHCP
5f09836b-6210-4cb3-9561-41f39472cfe1,fa:16:3e:72:aa:7a,VM
c9b1989a-ec68-4e18-8a9c-f6957d713579,fa:16:3e:fb:eb:32,DHCP
980686b8-bb63-430f-bab3-97c6a445ca6f,fa:16:3e:32:e0:5a,VM
621f5d0e-e0f3-445f-83ca-d1014ff6bde3,fa:16:3e:03:66:26,DHCP
0ad6676d-9464-40a9-aee7-903609e27108,fa:16:3e:20:1f:b2,VM
bc61fa80-5b17-451c-a251-b52e42323a45,fa:16:3e:ee:28:97,DHCP
65d8212a-462a-456d-808a-18ade598fa61,fa:16:3e:89:98:67,VM
909c2e6c-cd2d-4c7c-80c8-12f791262c39,fa:16:3e:f1:d5:9e,DHCP
5858a716-e03f-46ce-a43c-5e547a68680d,fa:16:3e:1e:5a:d2,VM
1de42299-89b0-481c-b4b3-efe732d60f65,fa:16:3e:66:25:21,DHCP
028145d3-0e3a-4f2c-915f-70346e204d1e,fa:16:3e:d4:1d:64,VM
7f768884-108a-41f0-9b88-8f5d5f2febbe,fa:16:3e:da:72:9c,DHCP
2eb9b186-f339-4a96-bb92-49c39dee628d,fa:16:3e:27:4e:cb,VM
ec199e02-480d-495e-b8ef-1e76c310a194,fa:16:3e:7b:28:c4,DHCP
c041bcea-e3cb-4a71-af79-ce2362ee39fc,fa:16:3e:05:cb:ad,VM
7619768c-de40-4c88-a1ea-e88b9193a638,fa:16:3e:79:34:9a,DHCP
c7fb1642-92ac-4646-b95a-dcb75e30be10,fa:16:3e:f2:43:33,VM
2d1fe31b-7090-465f-87d9-8fa78dcd47b3,fa:16:3e:18:df:0c,DHCP
3ad4d2c5-1ecf-4a9f-a08e-a220c3ee4b1d,fa:16:3e:87:2e:33,VM
5063b150-eddd-45e6-aa10-047e28d66973,fa:16:3e:d5:76:51,DHCP
1da28a5d-9e40-49fc-aaa4-94392973b0db,fa:16:3e:93:69:c2,VM
47eb8a18-19bd-4665-8033-0e7973535db3,fa:16:3e:c9:e7:0f,DHCP
8e73cb7a-00e7-4e5f-b680-91bdd90e2f0b,fa:16:3e:75:b1:5b,VM
e33127a7-e614-48cf-bd3b-1d26b5d4ee4d,fa:16:3e:25:aa:12,DHCP
412e82aa-8d83-4aff-a8d2-e88a3bb75df4,fa:16:3e:e3:e9:22,VM
61a68f87-3311-44f1-b7d5-a6f663890ff3,fa:16:3e:1b:1c:ac,DHCP
9e134d16-923e-48ea-8fe5-de4768b3d02c,fa:16:3e:d0:ea:e6,VM
14538afc-add1-47b5-816c-e35cff0a1c14,fa:16:3e:af:d2:f6,DHCP
859b0639-4849-4bc4-bf98-39b167188069,fa:16:3e:23:09:b0,VM
e2b46a5c-2fe0-4c78-ad10-6a77a5e46141,fa:16:3e:cb:14:7e,DHCP
b113fc5b-b1e6-4275-90ec-b7392ba796e1,fa:16:3e:eb:17:ff,VM
aaabecfb-9faa-4834-a46e-c524fa089f12,fa:16:3e:7b:1a:0e,DHCP
6d2896ca-567b-4658-abca-cd57658a9bf1,fa:16:3e:91:e7:2a,VM
b5ef2c4d-41b3-4837-b5e8-d92bc682ad05,fa:16:3e:6e:15:59,DHCP
67981097-1adf-41d2-a831-f31b6495b558,fa:16:3e:e1:51:e5,VM
728a65d7-dbc0-4580-ba76-b758525962ed,fa:16:3e:f6:c6:44,DHCP
34fd8f69-05d5-4e63-887d-ca4849e72cdc,fa:16:3e:a5:4e:02,VM
bf4463c0-7949-48cd-9373-a3f7af4e4ffa,fa:16:3e:b3:21:4b,DHCP
f4d45b85-3b9d-4273-a1ea-6c9c9d64b984,fa:16:3e:68:2f:09,VM
4597962b-aeea-4faf-a1de-ac641091f252,fa:16:3e:59:92:16,DHCP
d9f80d68-6177-4558-a2f9-fc64d083b0a3,fa:16:3e:d1:ad:aa,VM
bb4a8aef-f42e-489c-b554-a0215aa5c958,fa:16:3e:1c:13:03,DHCP
10b9b4c2-2810-42f2-bc07-5e8704ea6dfd,fa:16:3e:4e:4c:88,VM
afa3044a-b6ae-4606-bad4-6196bea44da5,fa:16:3e:3b:18:e7,DHCP
44d73aad-9c37-4bb0-a1de-f159aa561274,fa:16:3e:73:fe:9c,VM
ed62281d-8bfb-4d6e-b128-1411337f3881,fa:16:3e:9f:31:16,DHCP
9774a684-b779-4c23-8905-6bdaa663a3d3,fa:16:3e:fa:48:a7,VM
16bd10f6-dcd3-4c44-bbec-0e542a23637e,fa:16:3e:78:31:43,DHCP
823acc16-7e79-49c8-8ef5-3b5818503628,fa:16:3e:40:58:eb,VM
cb708be1-dc40-4ec4-8f03-cc39ed244472,fa:16:3e:ed:b0:8d,DHCP
1b4e1510-12b3-4414-b151-84e4762fccec,fa:16:3e:88:ce:7f,VM
3c51a3b2-3792-48c9-ae05-ee134d244c96,fa:16:3e:1f:f9:7d,DHCP
3cd2613c-65e2-439e-a042-fc1069f1f86a,fa:16:3e:fa:7e:86,VM
f6a574d1-c6cb-4ba3-ac17-e57afd41f52c,fa:16:3e:87:d2:56,DHCP
0ae05abe-3460-4760-ba51-0d0d0e65583d,fa:16:3e:f3:31:d1,VM
67621638-2ea1-4d85-aebc-09f4df5a10e4,fa:16:3e:38:51:61,DHCP
38fbf986-6a1a-45e3-9f95-64b77f1b2737,fa:16:3e:3d:f2:35,VM
8da099ba-14b3-4d94-adb0-8912baf0d6e3,fa:16:3e:51:b5:7f,DHCP
b513c648-c471-413f-988e-ce11039abac0,fa:16:3e:92:fb:2c,VM
e1937511-774b-4122-973d-335fdedb2bcc,fa:16:3e:85:e1:7d,DHCP
fb9d8a24-09cd-400b-b94a-94510725dd89,fa:16:3e:ae:83:91,VM
820bf935-90af-4926-954c-a4d08d3c0da5,fa:16:3e:a0:b4:a1,DHCP
060520e5-fdaa-4541-a5dd-8e4a4119a53c,fa:16:3e:cb:f0:ef,VM
e37f59ec-6009-4e69-9918-41502d2c3ea1,fa:16:3e:4b:b0:0e,DHCP
a4ed6ae9-3862-4200-842c-5c790896954e,fa:16:3e:aa:7d:3f,VM
6123162c-08d6-4bdb-9b1a-5a18c59eb767,fa:16:3e:85:84:31,DHCP
6e0d2b2b-b504-4670-a259-96700ab170bb,fa:16:3e:7c:f4:b0,VM
2c7a37e9-3827-40d5-b402-ceb4656d81f1,fa:16:3e:b7:68:c9,DHCP
ebbba959-45cd-4450-ab5d-7b5e77c32759,fa:16:3e:f3:a0:59,VM
dd73296c-fb5a-4366-b507-2c70194b9d98,fa:16:3e:3e:ee:2c,DHCP
c90da66d-14b1-4a2a-b3a0-e9328ce3325d,fa:16:3e:a6:ea:19,VM
23445e89-e865-4eb8-a464-c94aae7ac809,fa:16:3e:af:b9:c6,DHCP
40ec0fb9-df34-4376-9fcc-72a78856946d,fa:16:3e:e2:12:2f,VM
981b7d13-6970-4776-b630-662c34e79332,fa:16:3e:cd:f3:7f,DHCP
172bd3e7-26ff-43e7-93a1-c7f83b8e8497,fa:16:3e:83:a5:5c,VM
6d1ab19a-901c-463b-a0ac-fd078c827158,fa:16:3e:13:ac:54,DHCP
0cee96e3-149d-4eb3-a273-f98ce2208506,fa:16:3e:20:95:27,VM
282e6383-c7e1-41be-a1a8-cdfc4461c5cf,fa:16:3e:cb:db:6d,DHCP
109660db-6a1f-4cf1-a4c8-15aa31e797e1,fa:16:3e:6b:af:b4,VM
2c00fc97-f247-4d5e-8849-c9cc5a3d90e2,fa:16:3e:03:28:29,DHCP
80dc1100-7948-43df-bdcc-a3428042f4f2,fa:16:3e:70:45:8e,VM
32ac8a42-69f6-4ad4-a464-bb423d592282,fa:16:3e:01:7f:f2,DHCP
66979721-0acb-4eba-a15b-0bec7135ae4b,fa:16:3e:e5:46:03,VM
a000baea-f04f-42c9-8e23-ea46b4587688,fa:16:3e:1a:19:1e,DHCP
3c6c9273-307b-41f3-a3e4-2fa04feb166e,fa:16:3e:c4:c7:bc,VM
54c74818-22f7-4ed0-b3d3-3cccc539f80b,fa:16:3e:1d:e3:ea,DHCP
cb17a1f4-eb03-4f4a-8b47-6129f309b5c8,fa:16:3e:c1:11:9b,VM
590e29ea-3e47-4586-b931-1c02dba6a41a,fa:16:3e:dd:06:7b,DHCP
8d21090f-6730-4657-aca8-9a37caaadd3c,fa:16:3e:bb:65:b2,VM
e9919377-4475-406c-8b7d-7b7840726052,fa:16:3e:cd:d7:37,DHCP
cdc2eb07-cee0-4c5e-8778-476d4cce23ea,fa:16:3e:1c:d7:4d,VM
2aa0c059-f891-4eb7-8d6e-243484a94f96,fa:16:3e:b0:6b:7b,DHCP
39ac1bf5-719c-49aa-a4ac-cdf2a70b606a,fa:16:3e:e5:62:1b,VM
aa311736-486c-49c8-bd11-fdd76bfe8a4f,fa:16:3e:41:3d:cf,DHCP
33d2c013-d0b6-43ed-8b67-03a0db9d60f6,fa:16:3e:ff:10:1b,VM
51cb0638-d637-4d48-b4a8-6a050b84d48f,fa:16:3e:85:a2:5a,DHCP
dab5a7e0-c20e-471d-9dbe-29bb97a7de07,fa:16:3e:de:4b:cf,VM
9783f4c9-c8af-4ba4-8fdd-28e3127592ef,fa:16:3e:dc:4f:89,DHCP
b46894e5-9371-4edf-b5e8-3da0e6a39d36,fa:16:3e:69:2b:5f,VM
33bb7449-61d6-4bf4-8d76-8082b4070014,fa:16:3e:47:7b:a2,DHCP
9fa70849-065f-4d2b-b62f-847464af1e74,fa:16:3e:bf:e8:1f,VM
300a817d-1664-49ce-bc72-8431f5c3c656,fa:16:3e:6f:b2:25,DHCP
4d458db4-4dcd-48c2-b38b-b4aaddddb1e3,fa:16:3e:9a:05:44,VM
e87d651b-ae73-4ea8-9231-4f13e7572d7d,fa:16:3e:fd:9a:f6,DHCP
fda637b9-7090-48df-826d-9e8f0d3563b3,fa:16:3e:14:5d:7d,VM
de382a47-3486-48d8-bf20-f31aa4311817,fa:16:3e:16:7b:1f,DHCP
6a23e6ed-9114-4691-b7de-27b7e0016304,fa:16:3e:38:f9:70,VM
58071e61-0855-4d76-94c2-a640dc3b022e,fa:16:3e:ad:56:20,DHCP
4c1c87dd-3711-4762-adbd-4100bd19744a,fa:16:3e:03:21:08,VM
3d4ecbdd-e226-476d-b5be-0756b0983c05,fa:16:3e:47:29:d7,DHCP
ba390b27-6d76-48b6-b911-eccde0bc9f63,fa:16:3e:57:85:ef,VM
c4051a56-020f-4e6d-b075-01848f216961,fa:16:3e:a1:3b:b9,DHCP
105047fa-31e7-42f6-9674-2edfd9ee401c,fa:16:3e:03:75:5c,VM
a855dd31-d40d-4353-9b73-b23cac8829c8,fa:16:3e:36:cf:3e,DHCP
ff619607-2abe-4fdb-8a8c-19108478f045,fa:16:3e:e4:59:a9,VM
bc45639a-a9f6-4fbb-8afa-445f661313cd,fa:16:3e:41:69:95,DHCP
d3790095-dabf-471d-9af6-27886db4a191,fa:16:3e:14:1e:0f,VM
a238a0ce-af7d-4e9f-8d35-4986aa7ea8d9,fa:16:3e:26:77:7b,DHCP
1c229a5c-298c-44af-a849-0ee805a46fb9,fa:16:3e:a2:7e:d4,VM
929a8fc5-b18d-4e72-8c28-da89277f1fb6,fa:16:3e:05:54:42,DHCP
46d192e1-5516-4e25-a435-ddcfe9eac481,fa:16:3e:65:dd:8c,VM
65f46e56-a53a-4373-90b4-483d64d16073,fa:16:3e:97:70:f4,DHCP
1e420732-42e5-43ee-8f57-55f5a4fc0276,fa:16:3e:ec:95:56,VM
85a44652-2e67-4f65-822c-49b96f37bc55,fa:16:3e:b6:5a:3d,DHCP
59bfa852-2f25-403c-9ada-1efe99a29f75,fa:16:3e:00:ec:60,VM
1c9c8dcf-591b-49b1-b307-ae998c6afc4f,fa:16:3e:19:ad:bd,DHCP
4eb48c66-e2a7-4989-aa44-4f72a2524caa,fa:16:3e:c2:92:54,VM
8c430813-505d-4c5d-9fe9-aa45121679db,fa:16:3e:bc:8b:e2,DHCP
2fad602e-23ee-4cf2-8b8d-2b1f90647208,fa:16:3e:bd:db:23,VM
4f2672b0-2583-44f3-a355-76f4e577de22,fa:16:3e:bb:ad:43,DHCP
ef4f143f-2942-4d9e-a788-b6bb1c0659e8,fa:16:3e:0a:3a:41,VM
2a66f17b-0f5d-4822-9ce0-2bcf61673062,fa:16:3e:c9:9a:40,DHCP
e01ebd16-dd48-412f-b242-4afcca49aab1,fa:16:3e:44:49:ae,VM
15e2f288-87ac-436c-875c-3bffa7327da7,fa:16:3e:07:c0:c8,DHCP
afbbab28-ac39-4c88-913f-0583efb2a48a,fa:16:3e:a1:32:dd,VM
3519e359-bbe7-4aa2-88e1-1220d84b3f93,fa:16:3e:57:7a:3a,DHCP
e0ef848e-cdc7-45fa-b633-cee9ee341f7a,fa:16:3e:72:70:f6,VM
271d517e-def5-4d66-866b-4e585bc42e27,fa:16:3e:24:49:f3,DHCP
444f3669-d96a-4f17-afdc-f5b0fd8f76ba,fa:16:3e:9b:4a:ea,VM
d0d2aaf4-ae8f-4950-af94-1c881dfcbd33,fa:16:3e:ac:a6:dd,DHCP
78ea9f57-14df-4344-9e1c-d2b18a23ce75,fa:16:3e:79:c6:02,VM
95f50606-b27f-414c-8d63-3c061bd475d7,fa:16:3e:b3:0e:db,DHCP
327ba78b-e9e8-4619-b68b-b99abb8dcfdb,fa:16:3e:cc:75:46,VM
01500653-7f78-45e4-8491-9f5763748be8,fa:16:3e:95:3a:0c,DHCP
2ad7fe38-50c1-4313-8351-d54d255f16ae,fa:16:3e:db:4e:e8,VM
2bd6fe08-75b3-4ac6-81d6-477cd5f5acac,fa:16:3e:13:f1:63,DHCP
7871ba82-0808-4389-adce-d3fa8035f088,fa:16:3e:65:c9:9e,VM
f9ea010a-172d-467f-89bb-fe5ea0d4e843,fa:16:3e:e4:52:77,DHCP
f15e407c-c756-49ff-b9bc-581a1f4235a3,fa:16:3e:95:7c:a3,VM
edc889bd-9888-4c63-b5bb-9f7f20cfd9bc,fa:16:3e:98:f1:99,DHCP
c081e50a-14d2-47e1-bc63-0173b57ff0b0,fa:16:3e:89:19:46,VM
bf4bd8b3-9a6e-41d3-b74f-d17953008593,fa:16:3e:14:23:70,DHCP
aed5f49f-9f2e-4f0d-9b58-1c77c207ff92,fa:16:3e:21:7d:ad,VM
af033eb1-c9be-4749-be2e-7a9158bee794,fa:16:3e:3b:63:65,DHCP
839da6b4-9719-462d-87e6-d6bf296598a6,fa:16:3e:65:07:51,VM
7de0b163-35bf-4f70-9e9a-42e0571fe511,fa:16:3e:b5:a5:5e,DHCP
e219adb0-2a08-4ecf-998f-2819870e3598,fa:16:3e:be:f0:2e,VM
7d7c36af-9831-4a34-ba45-9f675c885707,fa:16:3e:3c:5c:90,DHCP
424ed048-e70f-4c53-92b5-e4796792b34d,fa:16:3e:5b:5c:a3,VM
3cb1e2e6-0093-4a0d-9f48-3d088884718e,fa:16:3e:a0:a2:05,DHCP
bb66231d-88b5-4659-ac11-e4db291879a5,fa:16:3e:e6:35:e7,VM
98862995-c3d1-4a20-88e9-2bb40db25b5b,fa:16:3e:8b:c9:76,DHCP
e632db99-f65d-4c11-ad97-eb3c4ad5dc7e,fa:16:3e:32:80:66,VM
2904c57c-9dc5-4eda-a39a-1bd4449c1f4b,fa:16:3e:90:50:01,DHCP
58e523ae-0847-433a-a8db-a19d6afed2ee,fa:16:3e:a7:40:ee,VM
a8f130f6-d3ff-43d6-951a-a69311cc7c55,fa:16:3e:4e:d9:5a,DHCP
eea2a4ca-ddec-446c-b6e8-6d5038f586ee,fa:16:3e:67:cf:db,VM
bddc65ba-d950-4ec3-86fd-80711e1926f2,fa:16:3e:0c:df:58,DHCP
efc48c57-7471-4dcd-9bb6-36d5876ca241,fa:16:3e:b1:7a:8b,VM
c9d70040-2924-4bcd-a6cb-84be40996b4f,fa:16:3e:50:56:54,DHCP
1195249e-05e2-4277-aded-f30fdb5d28d0,fa:16:3e:bf:62:53,VM
66027235-1327-42be-b140-bc18f2184c20,fa:16:3e:fe:56:00,DHCP
7edd79ef-9356-4cf2-b307-94f90abfced2,fa:16:3e:6e:03:ed,VM
136e4b5d-64ef-4355-a5c7-02720fb27a61,fa:16:3e:4d:2e:46,DHCP
3ccabe27-ce21-4462-a8e0-b6833d703d2b,fa:16:3e:03:06:0b,VM
d1c540ff-44e7-4a73-9615-adeb1653d881,fa:16:3e:d7:9a:0c,DHCP
89bc40d0-a5c7-4ba6-8c46-ed1df93390a6,fa:16:3e:0d:59:e4,VM
8037ddc9-07d6-4dd1-803d-8eb5975f9383,fa:16:3e:6e:ac:10,DHCP
ee26eea5-12dd-4385-8cbb-414f6427c28e,fa:16:3e:4d:79:a4,VM
71c797b1-105e-4ec1-b073-040ed529a6da,fa:16:3e:6c:cd:67,DHCP
454c5d8b-d9d7-4ef7-a4f5-095f58a72ecb,fa:16:3e:e6:89:92,VM
42a8c8ce-2933-4230-a73e-0fc6ae94fec9,fa:16:3e:4b:c1:76,DHCP
95293d38-29d1-419a-9da0-2a0d0f364546,fa:16:3e:16:10:1e,VM
b987812b-8d77-4c24-8f79-340f3bdba9f7,fa:16:3e:91:8a:d4,DHCP
c50bee2d-64a2-485a-b574-47c02dcfff59,fa:16:3e:00:73:23,VM
580ae827-c79a-4195-9e6c-81b917f2310b,fa:16:3e:f3:6e:ea,DHCP
2368ec2f-f0f2-438a-8e04-b8cbd2833c6a,fa:16:3e:22:e2:e1,VM
da6f658e-e62f-4302-a4cc-d6ce6e371671,fa:16:3e:a0:a0:c1,DHCP
e4ac389a-1026-439b-a34e-71383b823d43,fa:16:3e:ba:43:24,VM
0f4f9b3f-8b7c-4a81-a59c-0a031d7ce832,fa:16:3e:24:73:ae,DHCP
ab0fc55d-f788-4296-bc48-bf5720aff834,fa:16:3e:27:ba:ea,VM
404a02c8-059e-48ac-b773-9cb4b5eede21,fa:16:3e:fc:9e:bc,DHCP
caa54488-93a6-4e72-97ff-eb2438940ad4,fa:16:3e:c2:49:5f,VM
62dc1edf-a871-4788-bd57-94a969ff6036,fa:16:3e:38:b5:a1,DHCP
1e870426-2cfa-4bc2-b800-79b8aecc1152,fa:16:3e:92:62:93,VM
e2b81631-2c71-4329-8c5e-8b052e2a06b7,fa:16:3e:24:fa:f7,DHCP
0ab49db0-12e3-4fff-abec-4b867bbf5c8c,fa:16:3e:4a:b1:b3,VM
0d432345-61b7-4d97-a1d6-7c2ea048d9f1,fa:16:3e:c8:9c:e7,DHCP
544d5beb-249f-4817-8400-db2c68da600c,fa:16:3e:a3:3a:0b,VM
087a24ec-c57b-4ab1-89da-75dc0118b032,fa:16:3e:b0:65:41,DHCP
1daade07-cfbf-4165-b2f4-1bcd5242bae5,fa:16:3e:f4:96:27,VM
e8e23610-c7cb-4e53-814f-b628cdb93920,fa:16:3e:bc:55:07,DHCP
a1daa79e-1ab1-4496-921e-d8f0facfa66f,fa:16:3e:08:9b:69,VM
cc47a67e-4db9-4eaf-94f7-37c7f57851f9,fa:16:3e:d0:52:40,DHCP
338147ee-083a-4ce2-be1c-d49e2faf8c0f,fa:16:3e:ac:d6:5f,VM
0c514a60-6ac2-4b89-a6c5-cd0b91c47ffd,fa:16:3e:e9:23:9f,DHCP
d830f8a5-870f-4f3d-a2cd-b67d6a26128d,fa:16:3e:15:87:0f,VM
6000bf31-cab3-49ec-b53a-30722bfc28af,fa:16:3e:f5:d5:ff,DHCP
9b31c253-a373-46d4-bd46-3de17397c9dc,fa:16:3e:bc:79:e9,VM
51297a93-114c-4576-9005-1b65fc8eef77,fa:16:3e:c1:af:e8,DHCP
6891dc12-2a73-499f-be77-8640803912dc,fa:16:3e:73:73:af,VM
24dc182d-6f05-488b-9251-07a302c37eca,fa:16:3e:a8:36:e6,DHCP
fc3f46b2-7ba2-41c4-a6aa-1d020c736ad2,fa:16:3e:e7:92:97,VM
e4cab8bf-8c5e-4d27-8149-2f113fea73d0,fa:16:3e:85:2a:a6,DHCP
c4980fd7-6071-4369-997a-5bd40fe1a0fb,fa:16:3e:e1:fb:da,VM
550f333c-cf76-4f7b-9504-a4d6f1da7989,fa:16:3e:f6:6e:01,DHCP
ceecbed5-9f4f-4e68-aff8-d81df93d7b5e,fa:16:3e:17:9d:a9,VM
28c287e5-59e7-4ffb-8699-dffbfd82374b,fa:16:3e:ee:a8:3a,DHCP
ea17e14f-0325-4248-8d75-6f923d6293ed,fa:16:3e:e3:14:67,VM
4cd3c40b-d346-4687-acb4-cced139a9d3f,fa:16:3e:46:da:a0,DHCP
43b7aa11-7d70-4868-930c-48d934c9416c,fa:16:3e:f9:c9:cf,VM
ff1872bd-036c-4e3c-8b1e-e6d2bd90da98,fa:16:3e:13:56:4e,DHCP
71a7daec-ea97-4575-a96f-71ecbace8f16,fa:16:3e:15:f3:e9,VM
bcdecf26-7bf9-4427-bb1e-9c56a42410b5,fa:16:3e:90:11:91,DHCP
1436484f-57ea-4448-9816-dd300e332338,fa:16:3e:30:b1:49,VM
9e6ce877-47ea-4201-b22f-4e8a0628767d,fa:16:3e:88:7c:de,DHCP
4f584601-9888-48df-9383-d466270f2c9d,fa:16:3e:f9:17:3f,VM
302e89aa-2de0-4532-ad50-df5f8621fe76,fa:16:3e:aa:92:fc,DHCP
ec8356e2-ee94-47bf-9a05-fdc863a5a9af,fa:16:3e:ab:ea:38,VM
1f5e32b8-9cac-4b41-8c8c-3f4cefd9b00b,fa:16:3e:d1:4c:ae,DHCP
9ab2f591-5c4f-45ea-896b-ef591ae92324,fa:16:3e:48:f1:00,VM
00ae3850-03be-4ddc-9f6e-adaf3db9102f,fa:16:3e:42:ed:4f,DHCP
f4ddf112-1f6c-477d-b4f5-3e87770ef925,fa:16:3e:51:36:56,VM
6be1282a-31a2-4453-8109-9feb390b3389,fa:16:3e:73:c4:04,DHCP
c6f18539-ef23-4e62-9c49-4e15b23a5b84,fa:16:3e:11:cd:6b,VM
409e0c01-6de3-48f6-8a36-6023198bbfef,fa:16:3e:79:92:45,DHCP
73943d2b-1c41-4111-8b7c-d071432207c7,fa:16:3e:f2:4c:7d,VM
b7c93f16-d9a2-4f2e-acbe-527aa9cfff83,fa:16:3e:3e:e2:97,DHCP
f037bc64-035e-4d39-a7fa-87dec3c2f307,fa:16:3e:7e:1d:3a,VM
5f6c1e6c-f53d-480a-aeed-18cc54ea9081,fa:16:3e:92:13:60,DHCP
87dbc267-6e0b-4ac3-89af-c42fe0603990,fa:16:3e:4a:5f:a2,VM
932fa3b5-8833-46d7-a28c-1a3e954448aa,fa:16:3e:28:5e:85,DHCP
c62b67ed-53a0-4a84-a0f1-a00070938fad,fa:16:3e:ee:44:ba,VM
8f8c3111-f3d8-4109-b30a-1c3241fa1078,fa:16:3e:d9:cd:03,DHCP
1bc59028-1ba8-4c44-a8eb-2eb0926c61ed,fa:16:3e:b5:01:ae,VM
125f4f1e-5dd2-49e1-ae70-dc2a087a6098,fa:16:3e:be:57:c6,DHCP
9ecb997b-3b19-47d8-9de4-59093fa3cd36,fa:16:3e:8d:cd:f6,VM
05c59bcb-f9a6-4c4b-8bd0-92a4c247dd89,fa:16:3e:ec:fa:f1,DHCP
96070098-a3cc-4499-b586-2bb88b20491e,fa:16:3e:03:85:82,VM
2b97ab76-bc33-49ec-a9b8-feb46371f835,fa:16:3e:04:59:c7,DHCP
3388c95d-7ae9-4b37-93de-f2a35386bcb6,fa:16:3e:c4:6f:40,VM
a7619f45-7c5d-4696-a66c-7acd6b81d99c,fa:16:3e:79:ea:dd,DHCP
7609ce2c-9936-483f-af03-d7db26690638,fa:16:3e:87:57:16,VM
978978b4-a99e-47e5-b393-0f288962a3bf,fa:16:3e:1f:b9:38,DHCP
a3af8c74-ad26-434a-ad66-6ad0982dd9ab,fa:16:3e:f4:18:4e,VM
b5c14167-3853-4d7e-886e-1d5fbc4d02d9,fa:16:3e:1b:dd:58,DHCP
f444cfc7-baf1-40d6-a1ab-4c806b9c51fb,fa:16:3e:ff:8f:8c,VM
7e1e7a9c-26b0-438d-bf30-df306edbe40f,fa:16:3e:63:83:2d,DHCP
92e0a3f2-7f40-4565-8831-81aa916cc746,fa:16:3e:11:9e:0a,VM
56971a69-3c69-40ee-addc-8194827162fc,fa:16:3e:0c:42:18,DHCP
11128c76-b22f-48f5-b2fe-85e5e8c1c446,fa:16:3e:df:c8:2b,VM
092a6182-b8e6-4549-8485-10543057f989,fa:16:3e:e3:30:78,DHCP
32334e0c-fb0f-46e8-8e81-ee4d17e10fb1,fa:16:3e:68:8b:f8,VM
dc40d594-21bc-421f-8ae2-baaae3907f44,fa:16:3e:b6:87:5b,DHCP
bd6d8762-c027-485d-9542-207622b22dc5,fa:16:3e:38:5e:69,VM
2378b37c-015f-47c8-9705-12a716dd58a2,fa:16:3e:3f:a0:f1,DHCP
d5e7d894-5b83-43d6-8413-de23fe73d084,fa:16:3e:f7:2c:ce,VM
86bab94a-891f-4bab-94bb-702a5a8c1556,fa:16:3e:09:33:87,DHCP
8c9dac21-13d5-47fd-bd37-8dddfea8120e,fa:16:3e:0b:e3:dd,VM
ba81cf6b-f5de-4be4-abce-5b7467254264,fa:16:3e:82:dc:10,DHCP
0545e9dc-139b-4e31-8961-2210a8f10bd2,fa:16:3e:de:36:45,VM
f64af1f9-9376-4095-bed9-9db21a6735b8,fa:16:3e:4c:f1:03,DHCP
5d52b8c2-001e-432b-9869-6c62faf7e9f0,fa:16:3e:cf:6e:f6,VM
518d059b-978a-40c6-9f1c-33eb74becf56,fa:16:3e:ef:01:0b,DHCP
1e7a1dce-1aea-4593-aea6-6e82e254703c,fa:16:3e:60:1c:96,VM
0b2cea78-dea1-4ed8-9671-05f09703a3e6,fa:16:3e:6c:92:f6,DHCP
f9d364ba-a2e5-4a29-a108-d1435af6b423,fa:16:3e:15:d5:e9,VM
038cf0de-5963-4475-89b6-3db90bd29748,fa:16:3e:36:93:79,DHCP
72ff0ac1-b88a-44a5-875d-2fb0ae07fc5f,fa:16:3e:f3:fa:d2,VM
c8f8bad7-5091-4ff3-9b23-22a25e6af512,fa:16:3e:cd:6b:9b,DHCP
aba943f3-0e3c-4606-b96b-efb4e9e6f733,fa:16:3e:c9:31:dd,VM
f9a56280-adcd-4ed8-8356-c3213358048a,fa:16:3e:35:0e:6e,DHCP
159a9f96-8ed7-45f7-a4ed-62faa19220f0,fa:16:3e:c0:32:29,VM
d98ac990-5022-4e1e-94cc-2a0d70e74c25,fa:16:3e:fa:02:52,DHCP
9e4f5157-41ca-4957-8ac3-5eede53fc80e,fa:16:3e:b6:88:e9,VM
90482ed7-a3b0-41b9-813f-6f1ebbcd0e57,fa:16:3e:a5:db:fb,DHCP
507c8570-f3dc-44e2-bed2-ffb221a3b389,fa:16:3e:c3:72:5d,VM
a51d7dcb-456a-4012-8410-b140639bfe10,fa:16:3e:2c:df:ea,DHCP
8fc1ebfa-6dc1-4a76-8ec2-ac6cf930dcca,fa:16:3e:54:b7:b9,VM
c2423271-7261-46f3-9bd2-c2a6226bce83,fa:16:3e:22:6c:56,DHCP
9f522d5e-f25f-46ea-aa5f-f209bd104d22,fa:16:3e:4c:e1:9f,VM
994326e2-076b-466d-aef6-d01ed1dbefc1,fa:16:3e:9a:10:b2,DHCP
6fdcb9b1-175b-4d30-b8c2-1d7c94e7535d,fa:16:3e:a3:1e:77,VM
59b1b3b4-a94c-4d8f-b692-c4c44da6c43b,fa:16:3e:9f:f8:cf,DHCP
ec8abef8-99b3-43c2-b6f9-c90fc6a7aaea,fa:16:3e:95:e8:93,VM
1761ff74-d1a9-4f62-bde2-0b40b7d2ffc8,fa:16:3e:f9:a5:d9,DHCP
2696b0f3-bf72-441e-97f3-d6a195ba291d,fa:16:3e:e7:ab:66,VM
dea6d890-dd05-4ac6-809b-5a8ffee18326,fa:16:3e:ce:b2:d4,DHCP
9ed2e76b-19fb-4da2-8aab-94819a266a48,fa:16:3e:d3:14:3a,VM
df4c54f2-6636-45b1-8712-ab88db95a932,fa:16:3e:3e:32:d4,DHCP
a7d0099f-71e1-4c0f-90f3-52d5f1d907c4,fa:16:3e:ea:a5:0b,VM
a9f234eb-1e3c-4aea-80a3-93adde858539,fa:16:3e:96:69:74,DHCP
429b4a2c-71a4-410b-afba-f76ee61af86d,fa:16:3e:00:e9:a3,VM
7fa34a3c-6040-49b9-b7ad-a10e932f6fc0,fa:16:3e:ae:b3:f5,DHCP
c8050fdd-30b4-4b7e-b2c9-8c93cb70d688,fa:16:3e:20:ea:4f,VM
fed3a7c1-0fb2-48e5-be02-9c1c1ce56c9f,fa:16:3e:17:f8:64,DHCP
e600234a-ce52-43ab-b4f5-c9e5d7b24a79,fa:16:3e:4c:6c:33,VM
434524a1-1f38-479f-9242-db9388deac1a,fa:16:3e:a5:78:af,DHCP
84aeab6b-e039-45c1-9d21-0a53a86fd08a,fa:16:3e:3e:c7:d7,VM
d2c00fc3-91e3-4fc6-90d9-38a8bce5ca5b,fa:16:3e:29:5a:63,DHCP
9c6cdb7a-41af-46b0-baa7-ae0941ae5db9,fa:16:3e:e6:f9:84,VM
88a15a0e-10a9-4ec0-94db-2b65117db3e6,fa:16:3e:a7:54:95,DHCP
30a97934-bce1-4491-88b4-32692ac0f57f,fa:16:3e:25:80:b8,VM
52c570ad-8171-49c8-a648-f4e17b78be1f,fa:16:3e:c0:d4:3d,DHCP
b3aa2474-4476-4504-9192-e1149a0f28bc,fa:16:3e:53:5d:35,VM
5496517f-58bb-4910-bafc-af35e5112581,fa:16:3e:81:a3:83,DHCP
0433112e-fbc5-457f-b6ce-46107deec305,fa:16:3e:62:70:46,VM
3abfd48f-3637-4d30-8a17-659d137aa170,fa:16:3e:13:39:7a,DHCP
03cb5a2d-c3ce-4459-8426-b24fd5ae0d8d,fa:16:3e:10:1a:f3,VM
16c10684-3434-442f-a324-c0641da2ad70,fa:16:3e:0b:b4:35,DHCP
ca47fd06-c5ac-45dc-bc1e-46ba1198a6d7,fa:16:3e:a4:07:aa,VM
bfefdfca-8ddf-4199-bdbd-59622f7c42dd,fa:16:3e:66:39:99,DHCP
ef4bb94b-8138-4ac7-9d49-693fc9bb9a69,fa:16:3e:6e:ed:b9,VM
be629ead-36b7-4ff1-b94e-b4853ba98bd6,fa:16:3e:1c:2a:99,DHCP
ca62d4b8-4a28-43e0-bf9b-5574bdd4224a,fa:16:3e:cf:c1:35,VM
da989947-777e-4a60-bd56-004b992c3764,fa:16:3e:75:01:81,DHCP
9b64303e-9c2b-4947-8150-daaea43a2ec6,fa:16:3e:63:ea:04,VM
4ee2cf69-54ec-4fc7-ab36-74466c018b44,fa:16:3e:b9:f2:96,DHCP
1c58f58f-376d-46b8-8f80-f31b82e272d6,fa:16:3e:04:64:41,VM
eb407a2f-28d6-43f2-8961-cd68b5035558,fa:16:3e:95:ef:63,DHCP
0af3f4a5-0a12-47ca-b603-13ce563ef2b8,fa:16:3e:88:28:16,VM
a196aa98-9613-4376-b534-23be1be55ac5,fa:16:3e:8c:d5:82,DHCP
3e0dee01-f83c-4757-8ce8-194342a3d32b,fa:16:3e:09:23:56,VM
b723ed14-34b0-4763-a445-8f0dfaba94cf,fa:16:3e:8d:63:63,DHCP
620fc6b5-d4e7-4a52-acf4-d468ed72d5b7,fa:16:3e:d0:ea:41,VM
d15c9428-179e-4183-9f9b-1fcfefa81476,fa:16:3e:60:87:41,DHCP
fbd42175-fe04-47a6-897f-a1125325c686,fa:16:3e:02:7e:3a,VM
3f38166a-37b5-469d-8d36-31ab8eac6471,fa:16:3e:2d:50:f6,DHCP
ef3efe4b-590d-4a14-845f-faca83db2634,fa:16:3e:2b:7c:07,VM
fafae31b-7eac-4f1c-8951-6559fe59e32e,fa:16:3e:bb:9f:cc,DHCP
825938f1-21e2-4796-af32-e371491ae873,fa:16:3e:0a:da:69,VM
b9946527-ecc1-479e-bec2-acf7f1729500,fa:16:3e:c3:50:c0,DHCP
ba057c17-ebca-4edc-bd96-5b3c699570ba,fa:16:3e:8f:f1:ab,VM
25d86750-a502-46e5-9a75-0a0cf6d14021,fa:16:3e:89:f3:5c,DHCP
601e9374-4de9-4f71-acd9-fb3c3878256f,fa:16:3e:f0:1d:15,VM
ac3abcc7-4848-40aa-8acb-5543166cb65e,fa:16:3e:1d:d8:3d,DHCP
75d9eec6-01ac-4f24-a7a0-7bfd94a08346,fa:16:3e:97:a2:c3,VM
402665ef-d813-4991-9df6-5035b368fd4f,fa:16:3e:8a:3f:3e,DHCP
9b6e5e4a-3bd2-47f0-bdb5-3c56fc070ebf,fa:16:3e:a9:04:12,VM
ee726fc5-f6f2-49d7-8c19-267a85ce7951,fa:16:3e:f9:5b:53,DHCP
73f26998-9958-4953-aa24-25dbf19bef0b,fa:16:3e:42:06:94,VM
61b10edc-f9d1-4d07-b3c9-c60aea3e4e82,fa:16:3e:fa:56:f2,DHCP
ebfa3a90-a17b-45f6-b48f-6a5ea0d3ba72,fa:16:3e:77:e2:dc,VM
fadeedd3-ab3a-4dcc-a1c0-53949c286bad,fa:16:3e:72:5d:30,DHCP
2e6cfec7-1bb2-47f9-8fa6-5da17b314431,fa:16:3e:e3:5b:bf,VM
b8527240-b72c-47dd-a4e6-8f4e8ec9abef,fa:16:3e:e3:2d:44,DHCP
2bbccf5d-6663-4251-a8e9-46fb7827b635,fa:16:3e:93:67:46,VM
3d5c9b82-18b6-4fc8-bfc9-a05d38b5ee1f,fa:16:3e:78:63:f3,DHCP
ce757bd6-7eb5-43c5-bad3-18ca8b462dc9,fa:16:3e:9e:39:dd,VM
49078c87-2b95-485e-b863-eb31d5120372,fa:16:3e:11:3e:be,DHCP
84487679-0a87-431b-b5fb-c1e1aa07091a,fa:16:3e:e7:42:a0,VM
885d545e-9562-45e5-b740-bdb4e9685c3c,fa:16:3e:1c:d5:55,DHCP
06916f36-2d52-426e-bae3-6a70626e82ff,fa:16:3e:80:75:bf,VM
bc714d6c-8597-4247-9bd6-03f345783377,fa:16:3e:3c:e7:9d,DHCP
e6b4d5bb-ae25-4051-8f6d-5fd10d16c48a,fa:16:3e:40:92:d3,VM
006fe194-b965-46be-b8c3-f10c2588f9b1,fa:16:3e:4d:60:87,DHCP
a15c8d58-7493-47ed-8380-b90a46a7715a,fa:16:3e:d6:83:e3,VM
53925c4c-85ac-4b7f-8dce-f184a65aab35,fa:16:3e:10:f8:1d,DHCP
c8ecb159-d94f-45a2-b701-414637719012,fa:16:3e:a2:63:1a,VM
84770622-8653-49eb-a0bb-79120b2204f7,fa:16:3e:4a:e7:29,DHCP
11010700-9fed-48f6-9d51-ac5b9fa44e09,fa:16:3e:7d:a1:d5,VM
5f182e4c-34a4-4bd6-89f9-83e160811a68,fa:16:3e:96:0a:02,DHCP
82152c7b-9525-448f-8baa-a906f0c6715a,fa:16:3e:19:65:e7,VM
66c1d38d-3364-4e09-bbb2-d18a6705b50a,fa:16:3e:14:2b:30,DHCP
c94b9be9-c4ed-40b7-907a-368072088ba3,fa:16:3e:23:bb:47,VM
b2b39cf7-3c0c-49a6-951d-89ba45e8f44b,fa:16:3e:ca:f6:ed,DHCP
1f737caa-d8e9-4b4f-b628-37670fc88549,fa:16:3e:0c:24:ef,VM
9d4adbba-2f89-49ac-b359-2ec4ab458f5d,fa:16:3e:28:7a:3f,DHCP
96fe4c7b-ff20-4ed5-bc16-45c41d62ff01,fa:16:3e:a9:5a:9b,VM
9eac72ae-d011-4563-9061-e41d7a38f2d9,fa:16:3e:79:19:41,DHCP
022f24e8-e9b1-4546-b9db-ed44521cc466,fa:16:3e:6d:74:71,VM
6101d7af-78ef-448b-8fb6-dc689a448f0c,fa:16:3e:1c:78:ca,DHCP
ade3ca5e-8eb8-40bd-9010-6287e49e5bb3,fa:16:3e:a3:d7:0e,VM
f340fdee-4a73-491c-9354-fc9c167d65a0,fa:16:3e:3d:10:01,DHCP
71c8d22b-2d0e-4c00-921c-80531ac75872,fa:16:3e:d7:c7:c6,VM
ee6b5405-a0c5-4618-8719-5d9486218209,fa:16:3e:d9:84:a5,DHCP
18a50ee8-c665-4da2-b78b-7c1a6d194a22,fa:16:3e:d4:8b:e7,VM
ed5fd435-3389-49d3-893b-ae1aeceda304,fa:16:3e:36:27:a2,DHCP
e10c5912-90fa-48de-9c2d-c0e0d9a56eb9,fa:16:3e:f1:53:29,VM
2d60ab0c-3b6d-4064-8b3c-d826d41861ba,fa:16:3e:77:b8:ce,DHCP
96a50f2d-44a7-43dc-a6d0-d4e61c07e463,fa:16:3e:8f:13:08,VM
f471d181-ff03-4270-838a-89813c21cf16,fa:16:3e:b8:e7:b9,DHCP
72023d41-7cfe-4cd5-85eb-2fc4613e587b,fa:16:3e:d4:f1:19,VM
ee4ae2f7-7277-4116-88e8-590d1e622ec1,fa:16:3e:ab:63:4a,DHCP
a2813e27-1c2d-47e0-bf02-52b37282054b,fa:16:3e:5c:4b:b8,VM
522daf2f-cf46-4f49-a9cf-e8be7bd0a69a,fa:16:3e:26:04:cf,DHCP
15ad171d-576d-44c8-aba0-62ab97a3d3b2,fa:16:3e:3f:c7:c5,VM
cc931bf7-1ae1-41e2-9679-93a15c12b800,fa:16:3e:4a:fe:0c,DHCP
a30cec83-6cee-4cc5-8298-9cc09860183e,fa:16:3e:96:8a:25,VM
34009ed1-2fc5-4f93-95b7-9802d24c46a0,fa:16:3e:22:74:3a,DHCP
fe376eea-c6df-4d5d-b0da-4aa9c4870d45,fa:16:3e:2e:29:f8,VM
5a6d14bd-5ec7-43ee-8de2-ea109c5efd47,fa:16:3e:e3:ae:61,DHCP
25a1ca73-db85-4f17-b7d0-b1bdea430197,fa:16:3e:d1:d6:44,VM
b776e5e3-4fb7-453d-b408-056def5b0a7e,fa:16:3e:c6:18:c0,DHCP
ddd44423-c89e-4360-bdd6-cade432e2448,fa:16:3e:7d:c7:5d,VM
918973d4-930e-4ddf-a32d-b36d6481d59e,fa:16:3e:ba:e9:b1,DHCP
caac56dc-9fc0-4b52-9555-e1eba57840a0,fa:16:3e:4b:05:43,VM
8cee060a-61fb-4665-9e28-3bd3b9cea3d9,fa:16:3e:59:75:31,DHCP
dc60650f-5bab-410d-8cb7-85dcf1f3f06f,fa:16:3e:5c:69:d1,VM
8cae12a9-051a-42e3-a83d-291657fe405d,fa:16:3e:a9:81:41,DHCP
bbaac178-3188-4631-9a40-6b474e8cb4d6,fa:16:3e:e9:99:94,VM
50e19bbb-c833-4d90-86eb-797032f1bfd7,fa:16:3e:1a:8c:5d,DHCP
a5472049-07ba-4acf-937d-3ee6b273f256,fa:16:3e:67:13:dd,VM
a7e87c20-2246-47ff-b0ee-ee71c044cabd,fa:16:3e:de:7c:95,DHCP
c6deb447-0045-4c62-83b3-a63b90c5f446,fa:16:3e:80:88:fd,VM
a3e336c4-9633-4950-b094-be4dcc9d94ad,fa:16:3e:b6:01:48,DHCP
78daf120-28c8-4bae-800c-aa0ed2b6b31c,fa:16:3e:8a:e9:e6,VM
bd186942-f11a-460b-9eda-34884097e7e8,fa:16:3e:43:ae:53,DHCP
3e406e41-c6cd-40c5-99f3-eca91bfb84c3,fa:16:3e:8e:b4:a9,VM
85c17d07-5085-4b77-a31f-08d02f8fb3b5,fa:16:3e:f2:61:55,DHCP
a8988194-32b2-4ce7-a776-b11eba85e2fd,fa:16:3e:7c:b5:ac,VM
d39832e6-b8af-48f6-b98e-a5c1259bc40d,fa:16:3e:de:27:5d,DHCP
f3402128-a315-4134-983d-651ea0f0fb0d,fa:16:3e:18:fb:2c,VM
f12d9385-16f8-4868-baf0-5cc87c13d5c0,fa:16:3e:e9:cc:97,DHCP
59a41cd4-045f-4ed1-9f1f-4db219323d4b,fa:16:3e:6f:01:1c,VM
eb548e42-ae41-42f6-b355-4340b60cc1c4,fa:16:3e:e7:b8:a8,DHCP
e2f3b4fb-98b7-481c-afcc-78a29856cd3a,fa:16:3e:22:af:0d,VM
50a67af3-adb6-4ec6-98e4-d51c7b553c1e,fa:16:3e:21:f0:32,DHCP
cc38fd2e-eb79-46ae-8289-52f1077befac,fa:16:3e:96:dc:46,VM
cc7bb51a-c322-4e23-b42e-ff7a9f545e85,fa:16:3e:e9:fa:79,DHCP
8668440c-6a9c-4207-aed3-cc83a87cb956,fa:16:3e:7b:8b:d9,VM
ef93c53d-a07b-4955-a521-b747982c2668,fa:16:3e:ab:4f:2c,DHCP
d5bd61a6-b500-4e16-bab6-caf4365c1bc6,fa:16:3e:78:d2:42,VM
c0f36923-6fe5-4d4c-8d30-cef737d43bf1,fa:16:3e:0e:ab:68,DHCP
6ed371ec-941b-45ce-8048-2761d1498644,fa:16:3e:df:5c:28,VM
55a50e4c-03cb-4978-a9e9-610efd3e8c74,fa:16:3e:b4:30:7e,DHCP
1780463a-2bd6-4f85-88c9-6203ad36928d,fa:16:3e:40:9b:c2,VM
5101f46f-196e-4fdc-afcb-eafe07aa58e2,fa:16:3e:8e:04:bd,DHCP
f104262b-3e9e-4096-8cb0-3f0bd921034f,fa:16:3e:92:88:f5,VM
6c8e8f20-2641-495a-b312-47e729c4305d,fa:16:3e:40:4b:5f,DHCP
d1dfdeea-4f55-4c64-a1bd-a7e041ad0eba,fa:16:3e:f2:dd:6a,VM
ed370f14-6b9e-477e-93c9-3002dd054ee5,fa:16:3e:c4:b4:f8,DHCP
a239c3e1-ff0f-4979-a6c9-3f9ff8640328,fa:16:3e:91:5a:19,VM
bdf6b07b-b1e7-4496-8e22-aa62037883e9,fa:16:3e:17:06:31,DHCP
6708c32f-5d0d-4f40-a985-4634f1ee3d33,fa:16:3e:3e:40:89,VM
2f63ca30-82af-424f-add3-2aff12f20874,fa:16:3e:b5:e9:2c,DHCP
2b0517fa-236c-45b3-ba5f-3792104b7023,fa:16:3e:39:20:b3,VM
260f5879-bef2-42d2-b70b-f0759de9f59f,fa:16:3e:ab:9e:56,DHCP
075bf43d-fdfc-4480-9284-dda34e652550,fa:16:3e:73:bb:f5,VM
df506745-b6a8-4aaf-8801-a6a260e87964,fa:16:3e:e0:c7:d0,DHCP
fac4356f-62b2-4ff4-a7f8-93ae3b6264b3,fa:16:3e:31:2e:71,VM
c4ed1f09-b75c-4086-b597-5180ee82c78e,fa:16:3e:14:e2:8f,DHCP
7728420c-2146-4a6d-897c-e911ab848b8c,fa:16:3e:43:6a:ea,VM
fe1e55e5-0a49-405d-ad19-180960291a4e,fa:16:3e:96:e6:b7,DHCP
89b88dee-8c7f-466b-9a22-7da478263f7c,fa:16:3e:4a:c9:99,VM
6f5d4ee4-badd-45a8-8602-466b84b66818,fa:16:3e:b8:6d:7d,DHCP
b4eb4b72-a3b8-4b20-baaf-49d07fbb67f9,fa:16:3e:e9:20:bb,VM
a5b0fccd-38f3-4ca5-8979-5b78124c2999,fa:16:3e:d5:b0:80,DHCP
f47839ae-a58f-4cd6-9e73-80598dd01fac,fa:16:3e:18:af:85,VM
060ae9ce-8238-48c6-b10a-88d80f2358fa,fa:16:3e:98:a4:a7,DHCP
4963f2f4-6542-4809-9901-a23402bcda7d,fa:16:3e:4a:33:77,VM
ab73ccd3-85c0-40a4-adc5-f1a6519d7af4,fa:16:3e:e5:50:33,DHCP
7450776f-6b0b-4358-b644-1f0ed4b427ae,fa:16:3e:90:f3:cf,VM
42814397-9acf-4ad9-8ed1-680dad59def4,fa:16:3e:36:01:c3,DHCP
1ba9f1f3-58bb-4723-a862-f0b052cbcac9,fa:16:3e:1b:4a:3d,VM
95d1c206-f19e-478d-88b7-3af450bac16b,fa:16:3e:0c:d8:bb,DHCP
c682f361-ec46-481d-8b78-f15f5e7a3291,fa:16:3e:58:8a:51,VM
0e659ac1-f790-403c-8152-d9ff12b158d8,fa:16:3e:80:22:1b,DHCP
979b4310-2e78-4e3c-9482-e2cc2ee4504b,fa:16:3e:8e:30:9f,VM
fc9b5e56-15e7-4e8f-a14e-5112a8c0eba9,fa:16:3e:80:9d:24,DHCP
998725d4-5d64-4f5e-b958-74d3de2c0e9f,fa:16:3e:03:b8:56,VM
e86ebadf-970a-4cb0-9c6b-dbd171cc61b7,fa:16:3e:e0:8d:45,DHCP
8d39821c-5259-4b1b-89b1-7fe1c3767b74,fa:16:3e:6f:ec:87,VM
45858ecb-8014-4954-b0fb-76f037080689,fa:16:3e:67:30:bb,DHCP
0b6fe59c-a4db-4277-a575-7b0ed050cd80,fa:16:3e:45:35:34,VM
81cfbc13-1e34-49ed-a43e-fd63e4ef7423,fa:16:3e:bf:c6:b3,DHCP
ed54b9f1-e394-420b-b02e-266c1203fe31,fa:16:3e:c2:43:25,VM
32ac094d-b2ac-43be-ab8c-750c2275e157,fa:16:3e:56:b0:4d,DHCP
7dd68568-6e2e-4c1c-ab40-5a6d8bf0a01d,fa:16:3e:7f:1a:61,VM
a6993d41-4897-463d-bbe7-223294f09067,fa:16:3e:44:76:4a,DHCP
76637d99-6d28-419d-afd4-a17e56c8cf3c,fa:16:3e:29:f1:95,VM
4ef008d7-c7f2-4f9e-b0ca-78275ab9da50,fa:16:3e:2c:c9:23,DHCP
756e5e97-5097-4b38-8cd8-e1b08d110427,fa:16:3e:20:01:85,VM
3bc13dff-311e-4e18-933d-af39b0b500fa,fa:16:3e:fa:7e:1e,DHCP
31a2a566-eb78-4463-b95d-984c6d201763,fa:16:3e:16:6e:b0,VM
66dbfb20-602e-4844-a8b5-32573eb400a3,fa:16:3e:cc:e4:56,DHCP
5655035c-d39a-4ce5-9ec6-704c0dff7626,fa:16:3e:24:e0:81,VM
7241a80f-7423-48a3-8fba-1ce671e9ac59,fa:16:3e:10:5e:bc,DHCP
3d844a37-61d2-4f59-99c9-0c594b84b035,fa:16:3e:34:5b:b2,VM
ab366f59-7939-4e88-b48f-7ee26a120e7b,fa:16:3e:a9:4b:d7,DHCP
5d206c91-dd54-4a6f-91e0-90f6f81d499c,fa:16:3e:66:4a:9f,VM
f8a88a29-673c-40c1-ad29-611effe9d14d,fa:16:3e:ed:8d:73,DHCP
d4a133f5-26a9-4584-be47-45c93bb2b442,fa:16:3e:8e:79:3a,VM
dc6df5ec-e872-445a-a607-78fe6cea3c2d,fa:16:3e:09:34:06,DHCP
b4543fee-0d42-446d-8681-12896d725774,fa:16:3e:55:98:11,VM
72d00f39-fe24-4598-aed6-68efc3d003f3,fa:16:3e:4a:a1:b2,DHCP
4553473c-a727-48fd-900a-dbec9ab4fe55,fa:16:3e:d5:d0:80,VM
725e36c0-6d11-43c1-9f0b-ef7c9c3e22b0,fa:16:3e:35:c1:d3,DHCP
a45f3376-a452-4801-a98a-7a8ff581c644,fa:16:3e:f1:5c:c7,VM
d950f4af-5513-4cfd-9474-ef2385b9c51f,fa:16:3e:91:e8:14,DHCP
8c74fa5e-ed05-4df2-875a-f74918799fdb,fa:16:3e:f1:cc:98,VM
54b21943-dc50-4b0f-bfac-db21113d95d8,fa:16:3e:5e:a4:7f,DHCP
dd047fee-f509-48b9-b45a-28c296779769,fa:16:3e:a6:57:5e,VM
3aca126f-0e07-4d25-b81d-27c971766956,fa:16:3e:5e:ee:53,DHCP
b0e1399d-8254-49d0-9e8c-afab71613152,fa:16:3e:c2:ed:0e,VM
1aca8a87-8804-4f14-901e-d13a63fe074d,fa:16:3e:92:17:0b,DHCP
2c83309d-6d56-4e04-b05b-f05551a9322b,fa:16:3e:2e:7f:f9,VM
1d841085-20f1-4a4b-94af-86812cc3599a,fa:16:3e:f2:00:d4,DHCP
cf4d4937-843e-458b-a531-5bbaac844ed7,fa:16:3e:41:17:53,VM
56b5ae81-3dc7-4f8a-aeff-c613fb62d3da,fa:16:3e:dc:27:fb,DHCP
78323256-8fc5-409b-99b6-071f114b9493,fa:16:3e:5f:ca:8e,VM
6f6fb816-e8cc-4b4d-8dc4-63843dd65d40,fa:16:3e:ae:eb:a8,DHCP
236c9d6f-aa81-42c8-b101-7a4b1e15b81a,fa:16:3e:c0:a4:bf,VM
b27528a2-5094-435e-b61d-e0010d0e076c,fa:16:3e:94:36:05,DHCP
515feba7-d72f-485c-9758-32582bc2aaa2,fa:16:3e:bd:db:1f,VM
5cea00b8-78ae-4bc4-9065-68e46643fc48,fa:16:3e:83:c9:6e,DHCP
ba83ca5e-f9ab-468f-a9e3-5c21c26b4df6,fa:16:3e:79:83:11,VM
e4eca2c5-e80c-430c-a807-29da76763755,fa:16:3e:2c:c0:4b,DHCP
e4953f57-aabc-4e90-932f-7d092d39959c,fa:16:3e:ee:77:bc,VM
b7fc2346-04f5-4e6e-9170-e7d88e832dec,fa:16:3e:91:b9:6e,DHCP
28dbe894-8cc8-409a-a120-fdd71d2f7a2a,fa:16:3e:58:95:bf,VM
223b7fc1-76ae-4108-8daa-1d93863fdf51,fa:16:3e:02:45:a4,DHCP
ba30a8fb-59a8-476b-bce0-1023978f1cdc,fa:16:3e:be:97:42,VM
2557fd6c-2d53-4a18-964e-8695d11e8437,fa:16:3e:ac:b3:b1,DHCP
56668578-95cd-47f6-a363-1cdafb646595,fa:16:3e:c1:ff:2a,VM
a4eca69b-e70b-430a-9bde-59a1e3ef0626,fa:16:3e:9c:6a:71,DHCP
3234926b-dfec-4325-bae2-0ba7a0b10d81,fa:16:3e:09:47:06,VM
6221c8e5-afad-4ba1-bae5-d0567c8c6665,fa:16:3e:b4:93:46,DHCP
663f0530-c0cc-437e-bf9e-d910b49e10f8,fa:16:3e:52:9c:0e,VM
ea7cee90-19a1-401e-a018-2cd4fb63dcc3,fa:16:3e:53:4d:cf,DHCP
3ed91b62-17c5-4bb2-93f5-0f894f87f2d6,fa:16:3e:20:2b:8b,VM
6b78cc5f-638b-4519-94cd-fed5300d967e,fa:16:3e:e7:04:60,DHCP
